Theft,TheftVehicle,TheftFirearm,TraffickingLargeCommercialDrug,TraffickingCommercialDrug,TraffickingNoncommercialDrug,Burglary,AggravatedBurglary,AssaultCommonLaw,CommonAssault,AssaultWeapon,Incest,NoRemorse,GeneralDeterrence,SpecificDeterrence,CommunityProtection,NoRelevantPriors,PleaGuilty,Remorse,GamblingAddiction,SentenceLengthDays
0,0,0,0,0,0,0,0,0,0,0,1,0,0,0,1,0,0,0,1,2322
0,1,0,0,0,0,0,0,0,0,0,0,1,0,0,0,0,0,0,1,266
0,0,0,0,0,0,0,0,0,0,0,1,0,1,0,0,0,1,0,0,1340
0,0,1,0,0,0,0,0,0,0,0,0,1,0,0,0,1,0,0,0,434
1,0,0,0,0,0,0,0,0,0,0,0,0,0,0,1,1,0,0,0,219
0,0,1,0,0,0,0,0,0,0,0,0,0,1,0,0,0,1,0,0,330
0,0,0,0,0,0,1,0,0,0,0,0,1,0,0,0,1,0,0,0,457
0,0,0,0,0,0,0,1,0,0,0,0,0,1,0,0,1,0,0,0,1042
0,0,0,0,0,0,0,0,1,0,0,0,0,1,0,0,1,0,0,0,186
0,0,0,0,0,0,0,0,1,0,0,0,0,0,1,0,0,0,1,0,179
0,0,1,0,0,0,0,0,0,0,0,0,1,0,0,0,0,0,1,0,444
0,0,0,0,1,0,0,0,0,0,0,0,0,1,0,0,1,0,0,0,2564
0,0,0,0,0,0,0,0,0,0,1,0,1,0,0,0,1,0,0,0,89
0,1,0,0,0,0,0,0,0,0,0,0,0,0,1,0,1,0,0,0,196
1,0,0,0,0,0,0,0,0,0,0,0,0,0,0,1,1,0,0,0,205
0,0,1,0,0,0,0,0,0,0,0,0,1,1,1,1,0,1,0,0,685
0,0,0,0,0,0,0,0,0,0,1,0,0,0,0,1,0,1,0,0,88
1,0,0,0,0,0,0,0,0,0,0,0,0,1,0,0,1,0,0,0,154
0,0,0,0,0,0,0,0,0,0,0,1,0,1,0,0,0,0,1,0,1691
0,0,0,0,0,0,1,0,0,0,0,0,1,0,0,0,0,1,0,0,466
0,0,0,0,1,0,0,0,0,0,0,0,1,0,0,0,0,1,0,0,1978
1,0,0,0,0,0,0,0,0,0,1,0,0,0,1,0,0,1,0,0,229
0,0,0,0,1,0,0,0,0,0,0,0,0,0,0,1,1,0,0,0,2390
0,0,0,0,0,1,0,0,0,0,0,0,0,1,0,0,0,1,0,0,440
0,0,0,0,0,1,0,0,0,0,0,0,0,1,0,0,0,0,0,1,656
0,0,1,0,0,0,0,0,0,1,0,0,0,1,0,0,1,0,0,0,409
0,0,0,0,0,0,1,0,0,0,0,0,0,0,0,1,1,0,0,0,562
1,0,0,0,0,0,0,0,0,0,0,0,0,0,0,1,0,1,0,0,161
0,0,0,0,0,0,0,0,0,1,0,0,1,0,0,0,0,1,0,0,31
0,0,0,0,0,0,0,0,1,1,0,0,0,0,1,1,0,0,1,0,317
0,1,0,0,0,0,0,0,0,0,0,0,0,0,0,1,1,0,0,0,190
0,0,0,0,0,0,0,0,0,0,0,1,0,0,1,0,0,0,1,0,2119
0,0,0,0,0,0,0,1,0,0,0,0,1,0,0,0,1,0,0,0,1137
0,0,0,0,0,0,0,0,0,0,1,0,0,0,1,0,0,0,0,1,113
0,0,0,0,0,0,1,0,0,0,0,0,1,0,0,0,0,0,1,0,462
0,0,0,0,0,0,0,0,1,0,0,0,0,1,0,0,0,0,0,1,193
1,0,0,0,0,0,0,0,0,0,0,0,1,0,0,0,0,1,0,0,174
0,0,0,0,1,0,0,0,0,0,0,0,0,1,0,0,1,0,0,0,1957
0,0,0,0,0,0,0,0,1,0,0,0,0,1,0,0,0,0,0,1,217
0,0,0,0,0,0,1,0,0,0,0,1,1,0,0,0,0,1,0,0,2058
0,0,0,0,0,0,0,0,0,1,0,0,0,0,0,1,0,0,0,1,33
0,0,0,0,1,0,0,0,0,0,0,0,1,0,0,0,0,1,0,0,2184
0,0,0,0,0,0,0,1,0,0,0,0,0,1,0,0,0,0,0,1,1337
0,0,0,0,1,0,0,0,0,0,0,0,0,0,0,1,0,0,0,1,3310
0,0,0,0,0,0,0,1,0,0,0,0,1,0,0,0,1,0,0,0,1089
0,1,0,0,0,0,0,0,0,0,0,0,0,0,0,1,0,1,0,0,151
0,0,0,0,0,0,0,0,0,0,0,1,1,0,0,0,0,1,0,0,1684
0,0,0,0,1,0,0,0,0,0,0,0,0,0,0,1,0,1,0,0,2227
1,1,0,1,0,0,0,0,0,0,0,0,0,1,0,0,0,0,1,0,2862
0,0,0,0,0,0,0,0,0,0,1,1,0,0,0,1,0,0,1,0,1914
0,0,0,1,0,0,0,0,0,0,0,0,0,1,1,0,0,0,0,1,3253
0,0,0,0,0,0,0,0,0,1,0,0,0,0,0,1,0,0,0,1,43
1,0,0,1,0,0,0,0,0,1,0,0,0,0,1,0,0,1,0,0,2576
0,0,0,0,0,1,0,0,1,1,1,1,1,0,0,0,0,0,0,1,3551
1,0,0,0,0,0,0,0,0,0,0,0,1,0,0,0,1,0,0,0,232
0,0,0,0,0,0,0,0,0,1,0,0,0,0,0,1,0,1,0,0,27
0,1,0,0,0,0,0,0,0,0,0,0,1,0,0,0,0,0,1,0,208
1,0,0,0,0,0,0,0,0,0,0,0,0,0,1,0,0,1,0,0,166
0,0,0,0,0,0,0,0,0,0,0,1,0,1,0,0,0,1,0,0,1395
0,0,0,0,1,0,0,0,0,0,0,0,0,1,0,0,0,0,1,1,2646
0,0,0,0,0,0,0,0,0,0,1,0,0,0,1,0,1,0,0,0,83
0,0,0,0,0,0,0,0,0,0,0,1,1,0,0,0,0,0,0,1,2081
0,0,0,0,1,0,0,0,0,0,0,0,1,0,0,0,0,1,0,0,2265
0,1,1,0,0,0,0,0,0,0,0,0,0,0,0,1,0,1,0,0,519
0,0,0,0,0,0,0,1,0,0,0,0,0,0,0,1,0,0,1,0,1312
0,0,0,0,0,0,0,0,1,0,0,0,0,0,1,0,0,0,1,1,172
1,0,0,0,0,0,1,0,0,0,0,0,1,0,0,0,0,1,0,0,531
0,0,0,0,0,0,0,0,1,0,0,0,1,0,0,0,1,1,0,0,123
0,0,0,0,0,0,0,0,0,0,0,1,0,1,0,0,0,0,0,1,1903
0,0,0,0,0,0,0,0,0,0,0,1,1,0,0,0,0,0,1,0,1849
0,0,1,0,0,0,0,1,0,0,0,0,0,1,0,0,0,0,1,1,1251
0,0,0,0,0,0,0,1,0,0,0,0,1,0,0,0,1,1,0,1,716
0,0,0,1,0,0,0,0,0,0,0,0,0,0,1,0,1,0,0,0,2536
0,0,0,0,0,1,0,0,0,0,0,0,0,0,1,0,0,1,1,0,342
0,0,0,0,0,0,0,0,0,1,0,0,0,0,1,0,0,1,0,0,28
1,0,0,0,1,0,0,0,0,0,0,0,0,0,0,1,1,0,0,0,2895
0,0,0,0,1,0,0,1,0,1,0,0,1,0,0,0,1,0,0,0,4079
0,1,0,0,0,0,0,1,0,0,0,0,1,0,0,0,0,0,0,1,1509
1,0,0,0,0,0,0,0,0,0,0,0,0,0,1,0,0,1,0,0,165
1,0,0,0,0,0,0,0,0,0,0,0,1,0,0,0,0,1,0,0,163
0,0,0,0,0,1,0,0,0,0,0,0,0,1,0,0,1,1,1,0,266
0,0,0,0,0,0,0,0,0,1,0,0,0,0,1,0,0,0,1,0,32
0,0,1,0,1,0,0,0,0,0,0,0,0,0,0,1,1,0,1,0,2137
1,0,0,1,0,0,1,0,0,0,0,0,0,1,0,0,0,0,1,0,3609
0,0,1,0,0,0,0,0,0,0,0,0,0,0,1,0,0,0,1,0,325
0,0,0,0,0,0,0,0,1,0,0,0,1,0,0,0,0,0,1,1,176
0,0,0,0,0,0,1,0,0,0,0,0,1,0,0,0,0,1,0,1,325
0,0,1,0,0,0,0,0,0,0,0,0,0,0,0,1,0,0,1,0,406
0,0,1,0,0,0,0,0,0,0,0,0,1,0,0,0,0,0,0,1,376
0,0,0,0,0,0,0,0,0,1,0,0,0,0,1,0,1,1,0,0,18
0,0,0,0,0,0,0,0,0,0,0,1,1,0,0,0,0,0,1,0,1943
0,0,0,0,0,0,0,0,0,0,1,0,0,1,0,0,1,0,1,0,76
0,0,0,0,0,0,0,1,0,0,0,0,0,0,1,0,0,0,1,0,1322
1,0,0,0,0,0,0,0,0,0,0,0,0,0,0,1,0,0,0,1,218
0,0,0,1,0,0,0,0,0,0,0,0,0,0,1,0,1,0,0,0,2970
0,0,0,1,0,1,1,0,0,0,0,0,0,0,1,0,1,0,0,0,3192
0,0,0,0,1,0,0,0,0,0,0,0,0,1,0,0,1,0,0,0,2225
0,0,1,0,0,0,0,0,0,0,0,0,1,0,1,0,1,0,0,0,470
0,0,0,0,0,0,0,0,0,0,1,0,1,0,0,0,1,0,0,0,95
0,0,0,0,0,0,1,0,0,0,0,0,1,0,0,0,0,0,0,1,501
1,0,0,0,0,1,0,0,0,1,0,0,0,0,1,0,0,1,0,0,644
0,0,0,0,0,1,0,0,0,0,0,0,0,0,1,0,1,0,1,0,455
0,1,0,0,0,0,0,0,0,0,0,0,0,0,0,1,0,1,0,0,177
0,0,0,0,1,0,0,0,0,0,0,0,0,1,0,0,0,1,0,0,2024
0,0,0,0,0,0,0,0,0,0,1,0,0,1,0,0,1,0,1,0,90
0,0,0,0,1,0,0,0,0,1,0,0,0,1,0,0,0,1,0,0,2064
0,1,0,0,0,0,0,1,0,0,1,0,1,0,0,0,1,1,0,0,1088
0,0,0,0,0,0,0,0,0,0,0,1,0,0,0,1,0,0,1,0,1798
0,0,0,0,0,0,0,0,0,0,1,0,0,1,1,1,0,1,0,1,121
0,1,0,0,0,0,0,0,0,0,0,0,1,0,1,1,0,0,0,1,425
0,1,0,0,0,0,0,0,0,0,0,1,0,0,1,0,0,0,0,1,2567
0,0,0,0,0,0,0,0,0,0,1,0,0,0,1,0,1,0,0,0,103
0,0,0,0,0,0,1,0,0,0,0,0,1,0,0,0,0,0,1,0,513
0,0,0,0,1,1,1,0,0,0,0,0,0,0,1,0,0,0,1,0,3707
0,0,0,0,0,0,1,0,0,0,0,0,0,0,0,1,0,0,0,1,719
0,0,0,0,0,0,0,1,0,0,0,0,0,0,0,1,0,0,0,1,1374
0,0,0,0,0,0,0,0,0,0,1,0,0,0,1,0,0,0,1,0,103
0,0,0,0,0,0,0,0,1,0,0,0,0,1,0,0,0,0,0,1,213
0,0,0,0,0,0,1,0,0,0,0,0,0,0,1,0,0,0,0,1,603
0,0,0,0,1,0,0,0,0,0,0,0,1,0,0,0,0,0,0,1,3538
0,0,0,0,0,0,0,0,0,0,1,0,1,0,0,0,1,0,0,0,116
0,1,0,0,0,0,0,0,0,0,0,0,0,0,0,1,1,0,0,0,188
0,0,0,0,0,0,0,0,0,0,1,0,1,0,1,0,0,1,0,0,98
0,0,0,1,0,0,0,0,0,1,1,0,0,1,1,1,0,1,0,0,3887
0,0,0,0,0,0,0,0,0,0,0,1,0,0,0,1,0,1,0,0,1548
0,0,0,0,0,0,0,1,0,0,0,0,1,0,1,0,1,0,0,0,1550
0,0,0,0,0,0,1,0,0,0,1,0,0,0,1,0,0,0,1,0,701
0,0,0,0,0,0,0,0,0,1,0,0,0,0,1,0,0,0,1,0,31
0,1,0,0,0,0,0,0,0,0,0,0,0,0,1,0,0,1,0,0,137
0,0,0,0,0,0,0,0,0,0,0,1,0,0,0,1,0,1,0,0,1689
0,0,0,0,0,0,0,0,1,0,0,0,0,1,0,0,0,0,1,0,183
1,0,0,0,0,0,0,0,0,0,0,0,1,0,1,0,0,0,0,1,318
0,0,0,0,1,0,0,0,0,0,0,0,1,1,0,0,0,1,1,0,2492
0,0,0,0,0,0,0,1,0,0,0,0,1,0,0,0,1,0,0,1,1208
0,0,0,0,0,0,0,0,0,0,1,0,0,1,0,0,1,0,0,0,87
0,0,0,0,0,1,0,0,0,0,0,0,0,0,0,1,1,0,0,0,587
0,0,1,0,0,0,0,0,0,0,0,0,0,0,0,1,1,0,0,0,393
0,0,1,0,0,0,0,0,0,0,0,0,0,0,0,1,1,0,0,0,408
0,0,0,0,0,0,0,1,0,0,0,0,1,0,0,0,1,0,0,0,1093
0,0,0,0,0,1,0,0,1,0,0,0,0,1,0,0,0,0,1,0,775
0,0,0,0,0,0,1,0,0,1,1,0,0,0,0,1,1,0,0,0,686
0,1,0,0,0,0,0,0,0,0,0,0,0,0,1,0,0,1,0,1,135
0,0,0,0,0,0,0,0,1,1,1,0,0,1,0,0,0,0,1,0,317
0,0,0,0,0,0,0,0,1,0,0,0,0,0,1,0,0,0,0,1,224
0,0,0,0,0,0,0,0,0,1,0,0,0,1,0,0,1,0,0,0,26
0,0,0,0,0,0,0,0,1,0,0,0,1,0,0,0,0,0,1,0,250
0,0,0,0,1,0,0,0,0,0,0,1,0,0,1,0,0,0,0,1,5638
0,0,0,0,0,0,0,0,0,0,0,1,0,0,0,1,0,0,0,1,2457
0,0,0,0,0,0,0,0,1,0,0,0,0,1,0,0,1,0,0,0,200
0,0,0,1,0,1,0,0,0,1,0,0,0,0,1,0,1,1,0,0,2062
1,0,0,0,0,0,0,0,0,0,0,0,0,0,0,1,0,1,0,0,191
0,0,0,0,0,1,0,0,0,0,0,0,0,1,0,0,0,0,1,1,614
0,0,0,0,0,0,0,0,0,0,1,0,1,0,0,0,1,0,0,0,107
0,1,0,0,0,0,0,0,0,0,0,0,0,0,1,0,1,0,0,0,194
0,0,0,0,0,0,0,0,0,0,1,0,0,1,0,0,0,0,0,1,86
0,0,0,0,0,0,0,0,0,1,0,0,1,0,0,0,1,0,0,0,28
0,0,0,1,0,0,0,0,0,0,0,0,0,0,0,1,0,1,0,0,2385
0,0,0,1,0,1,0,0,0,0,0,0,1,0,0,0,0,0,1,0,3069
0,0,0,0,0,0,1,0,0,0,0,0,0,0,1,0,0,0,1,0,504
0,0,0,0,1,0,0,0,0,0,0,0,0,0,1,0,0,1,0,0,2112
0,0,0,0,0,0,0,0,0,0,1,0,0,1,1,0,1,0,0,0,103
0,0,0,0,0,0,1,0,0,0,0,0,0,0,1,0,0,0,1,0,607
0,0,0,1,0,0,0,0,0,1,0,0,0,0,0,1,1,0,0,0,3297
0,0,0,1,0,0,0,0,0,0,0,0,1,0,0,0,0,0,0,1,3475
0,0,0,0,0,0,0,0,0,0,0,1,0,0,0,1,0,1,0,0,1722
0,0,1,0,0,0,0,0,1,0,1,0,0,1,0,0,0,0,1,0,565
0,0,0,1,0,0,0,0,0,1,0,0,0,0,1,0,1,1,0,1,1188
0,0,0,0,0,0,0,0,0,1,0,0,1,0,0,0,0,0,1,0,32
0,0,0,0,0,0,0,1,0,0,0,0,0,0,0,1,0,0,1,0,1333
0,0,0,0,0,0,0,0,0,0,1,0,0,0,1,0,0,0,0,1,101
0,0,0,0,0,0,0,0,1,0,0,0,0,0,0,1,1,0,1,0,173
0,0,0,0,0,1,0,0,0,0,0,0,0,0,0,1,1,1,0,0,481
0,0,0,0,0,0,1,0,0,0,0,0,1,0,0,0,0,1,0,0,434
0,1,0,0,0,0,0,1,0,0,0,1,0,1,0,0,0,1,0,0,1952
1,0,0,0,0,0,0,0,0,0,0,0,0,0,1,0,0,0,0,1,221
0,1,0,1,0,0,0,0,0,0,0,0,0,0,0,1,1,0,0,0,3199
0,1,0,0,0,0,0,0,0,0,0,0,0,0,0,1,0,0,0,1,208
0,0,0,0,0,0,0,0,0,1,0,1,1,1,1,0,0,0,1,0,2395
0,0,0,0,0,0,0,0,0,1,0,0,1,0,0,0,0,1,0,0,26
0,0,0,1,0,0,0,0,0,0,0,0,0,0,1,0,1,0,0,0,2709
0,1,0,0,0,0,0,0,0,0,0,0,1,0,0,0,0,0,0,1,189
0,0,0,0,0,0,0,1,0,0,0,0,0,0,1,0,0,1,0,0,1019
0,0,0,0,1,0,0,0,0,0,0,0,0,1,0,0,1,0,0,0,2562
0,0,0,1,0,0,0,0,0,0,0,0,1,0,0,0,0,1,0,0,2559
0,0,0,0,0,0,0,1,0,0,0,0,0,0,1,0,0,1,0,0,1039
0,0,0,0,1,0,0,0,0,0,0,0,0,0,1,0,0,0,1,0,2609
1,0,0,0,0,0,0,1,0,0,0,0,0,0,0,1,0,1,0,0,1168
0,0,1,0,0,0,0,0,0,0,0,0,1,0,1,0,0,0,1,1,491
1,0,0,0,0,0,0,0,0,0,0,0,0,0,1,0,0,1,0,0,146
0,1,0,0,1,0,0,0,0,0,0,0,0,0,1,1,0,0,1,1,3576
0,0,0,1,0,0,0,0,0,0,0,0,0,1,0,0,0,0,0,1,2970
0,0,0,0,0,0,0,0,0,0,0,1,0,0,1,0,0,0,1,0,1607
0,0,0,0,0,0,0,0,0,0,1,0,1,0,0,0,0,0,1,0,102
0,0,0,0,0,0,0,0,0,0,0,1,0,0,0,1,1,0,0,0,2173
0,0,0,0,0,0,0,0,0,0,1,0,0,0,1,0,0,1,0,0,87
1,0,0,0,0,0,0,0,0,0,0,0,0,1,0,0,0,0,0,1,230
0,0,0,0,0,1,0,0,0,0,0,0,0,0,1,0,0,0,0,1,601
0,0,0,1,0,0,0,0,0,0,0,0,1,0,0,1,0,1,0,0,3578
0,0,1,0,0,0,0,0,0,0,0,0,0,0,0,1,0,0,0,1,545
0,0,0,0,0,0,0,0,1,0,0,0,0,0,1,0,0,1,0,0,147
0,0,0,0,0,0,0,1,0,1,0,0,1,0,0,0,0,1,0,0,882
0,0,0,1,0,0,0,0,0,0,0,0,0,1,0,0,1,0,0,0,2268
0,0,1,0,0,0,0,0,0,0,0,0,0,1,1,0,1,0,0,0,443
0,0,0,0,0,0,0,0,0,0,1,0,0,1,0,0,0,0,0,1,110
0,0,0,0,0,0,0,0,0,0,0,1,0,0,0,1,0,1,0,0,1627
0,0,0,0,1,0,0,0,1,0,0,0,0,0,1,0,0,0,1,0,2642
0,0,0,0,1,0,0,1,0,0,0,0,0,1,1,0,0,0,0,1,5011
1,0,0,0,0,0,0,0,0,0,0,0,0,0,1,0,0,1,0,0,143
0,0,0,0,0,0,0,1,0,0,0,0,1,0,1,0,1,0,0,0,1835
1,0,0,0,0,0,0,0,0,0,0,0,0,1,0,0,0,1,0,0,148
0,0,0,0,1,0,0,0,0,0,0,0,0,0,1,0,0,0,1,1,2554
0,0,1,0,0,0,0,1,0,0,0,0,0,0,1,0,0,1,0,0,1125
1,0,0,0,0,0,0,0,0,0,0,0,0,0,0,1,0,0,0,1,227
0,1,0,0,0,0,0,0,0,0,0,0,0,1,0,1,1,0,0,0,249
0,0,0,0,0,0,1,0,0,0,0,0,0,1,0,0,0,1,0,0,373
0,0,0,0,0,0,0,0,1,0,0,0,0,1,0,0,0,0,1,0,187
0,0,0,0,1,0,0,0,0,0,0,0,0,0,1,0,0,0,1,0,2770
0,0,0,0,0,1,0,0,0,0,0,0,0,0,0,1,1,0,0,0,614
0,0,1,0,0,0,0,0,0,0,0,0,1,0,0,0,0,0,1,0,431
0,0,0,1,0,0,0,0,0,0,0,0,0,0,0,1,0,0,0,1,3487
0,0,0,0,0,0,0,0,0,1,0,0,1,0,0,0,0,0,1,0,31
0,0,0,0,0,0,0,0,1,0,0,0,0,0,1,0,0,0,0,1,226
0,0,0,0,0,1,0,0,0,0,0,0,1,0,0,0,1,1,0,1,394
0,0,0,0,0,0,0,0,1,0,0,0,0,0,1,0,0,1,0,0,162
0,0,0,0,0,0,0,1,0,0,0,1,0,0,0,1,0,0,1,0,4114
0,0,0,0,0,0,0,0,1,0,0,0,1,0,0,0,1,1,0,0,120
0,1,0,0,0,0,0,0,0,0,0,0,0,0,0,1,0,0,0,1,213
0,0,0,0,0,0,0,0,0,0,0,1,0,0,0,1,0,0,1,0,1941
0,1,0,0,0,0,0,0,0,0,0,0,0,0,0,1,1,0,1,0,156
0,0,0,0,0,0,0,0,0,0,0,1,0,1,0,0,0,0,1,0,1536
0,0,0,0,0,0,0,0,1,0,0,0,1,0,0,0,0,1,0,0,161
0,1,0,0,0,0,0,0,0,0,0,0,0,0,1,0,0,1,0,0,172
0,0,1,0,0,0,0,0,0,0,0,0,1,0,0,0,0,0,1,0,413
1,0,0,0,0,0,0,0,0,0,0,0,0,0,1,0,0,1,0,0,148
0,0,0,0,0,0,0,1,0,0,0,0,0,0,1,0,0,1,1,1,716
0,0,0,1,0,0,0,0,0,0,0,0,0,0,0,1,0,0,1,0,2938
0,1,0,0,0,0,0,0,0,0,0,1,0,0,1,0,0,0,1,0,1950
0,0,0,0,0,1,0,0,0,0,0,0,0,0,0,1,0,1,0,0,545
0,0,1,0,0,0,0,0,0,0,0,0,0,0,1,0,1,0,0,0,370
1,0,0,0,0,0,0,0,0,0,0,0,0,0,1,0,0,1,0,0,147
1,0,0,0,0,0,0,0,1,0,0,0,0,0,0,1,1,0,0,0,334
0,0,0,0,0,0,0,0,0,1,0,0,0,1,0,0,0,1,0,0,23
0,0,0,0,0,1,0,0,0,0,0,0,0,1,0,1,1,0,0,0,799
0,0,0,0,0,0,0,0,0,1,0,0,0,0,0,1,0,1,0,0,25
1,0,0,0,0,0,0,0,0,0,0,0,0,0,0,1,0,0,1,0,215
0,0,0,1,0,0,0,0,0,0,0,0,0,0,1,0,1,0,0,0,2934
0,0,0,0,0,0,0,1,0,0,0,0,1,0,0,0,1,0,0,0,1222
0,0,0,0,1,0,0,0,0,0,0,0,1,1,0,0,0,0,1,0,3667
0,0,1,0,0,0,0,0,0,0,0,0,1,0,0,0,1,0,0,0,372
0,1,0,0,0,0,0,0,0,0,0,0,1,0,0,1,0,0,1,0,270
0,0,0,0,0,0,0,0,0,1,0,0,0,1,0,0,0,0,0,1,30
1,0,0,0,0,0,0,0,0,0,0,0,0,1,0,1,0,1,0,0,199
0,0,0,0,0,0,0,1,0,0,0,0,1,0,0,0,0,1,0,0,1032
1,0,0,0,0,0,0,0,0,1,0,0,0,0,0,1,0,1,0,0,198
0,1,0,0,0,0,0,0,0,0,0,0,1,0,0,0,0,0,1,0,192
0,0,0,0,0,0,1,0,0,0,0,0,0,0,1,0,0,0,0,1,624
0,0,0,0,1,0,0,0,0,0,0,0,0,0,1,0,1,0,0,0,2900
0,0,0,0,0,0,0,1,0,0,0,0,1,0,0,0,1,0,0,0,1174
0,0,0,0,0,0,0,0,0,0,1,0,0,0,1,0,0,1,0,0,67
0,0,0,0,0,0,1,0,0,0,0,0,1,0,0,0,1,0,1,0,405
1,0,0,0,0,0,0,0,0,0,0,0,0,1,0,0,0,0,0,1,189
0,0,0,0,0,1,0,0,0,0,0,0,0,0,1,0,0,0,0,1,643
0,0,0,1,0,0,0,0,0,0,0,0,0,1,1,0,0,0,0,1,3432
0,0,0,0,0,0,0,0,0,0,1,0,1,0,0,0,0,0,0,1,109
0,0,1,0,0,0,0,0,0,0,0,0,0,0,1,0,0,0,0,1,460
0,0,0,0,0,0,0,1,1,0,0,0,1,0,0,1,0,1,1,0,1355
1,0,0,0,0,0,0,0,0,0,0,0,0,0,0,1,0,0,1,0,217
0,1,0,0,0,0,0,0,0,0,0,0,0,1,0,0,0,1,0,0,162
1,0,0,0,0,0,0,0,0,0,0,1,0,0,0,1,0,1,0,0,1867
0,0,0,0,0,1,0,0,0,0,0,0,0,1,0,0,0,0,1,0,588
0,0,0,1,0,0,0,0,0,0,1,0,0,0,1,0,0,0,1,0,3153
0,0,0,0,0,0,0,1,0,0,0,0,0,0,1,0,1,0,0,0,1182
0,0,0,0,0,0,0,0,0,0,1,0,0,0,0,1,1,0,0,0,122
0,0,0,0,0,0,0,0,0,0,0,1,1,0,0,0,0,1,1,0,1195
0,0,0,0,0,0,0,0,0,0,1,0,0,0,1,0,1,0,0,0,88
0,1,0,0,0,0,0,0,0,0,0,1,0,1,1,1,0,0,0,1,3853
0,0,0,0,0,0,1,0,0,0,0,0,0,0,0,1,0,1,0,0,460
0,0,0,0,1,0,0,0,0,0,0,0,0,0,0,1,1,0,1,0,1724
0,0,0,1,1,0,0,0,0,0,0,0,0,0,1,0,1,0,0,1,4570
0,0,0,0,0,0,1,0,0,0,0,0,0,0,0,1,0,0,0,1,615
0,0,0,0,0,1,0,0,0,0,0,0,0,1,0,1,0,1,0,0,603
0,0,1,0,0,1,0,0,0,0,0,0,0,1,0,0,0,0,0,1,1015
0,0,0,0,0,0,0,0,0,0,1,0,1,1,0,0,0,1,0,0,103
1,0,0,0,0,0,0,0,1,0,0,0,0,0,1,0,1,0,0,0,442
0,0,0,0,0,0,1,0,0,0,0,0,0,0,1,1,1,0,0,0,733
0,0,0,0,0,0,0,0,0,1,0,0,0,0,0,1,0,0,1,0,35
0,0,0,1,0,0,0,0,0,0,0,0,0,0,0,1,1,0,0,0,2489
0,0,0,1,0,0,0,0,0,0,0,0,1,0,0,0,0,1,0,0,2224
0,0,0,0,0,0,0,0,0,0,1,0,1,1,0,0,0,0,0,1,136
0,0,0,0,0,0,0,0,1,0,0,0,0,1,0,0,0,1,0,0,133
1,0,0,0,0,1,1,0,0,0,0,1,0,0,0,1,0,0,1,0,3331
0,0,1,0,0,0,0,0,0,0,0,0,0,0,1,0,0,0,0,1,422
0,0,0,0,0,0,1,0,0,0,0,0,0,0,0,1,1,0,0,0,507
0,0,0,1,0,0,0,0,0,0,0,0,1,0,0,0,1,0,0,0,2612
0,0,0,0,0,0,0,0,0,0,1,0,0,1,0,0,0,0,1,0,94
0,0,0,0,0,0,0,1,0,0,0,0,1,0,0,0,0,0,1,0,1339
0,0,0,0,0,0,1,0,0,0,0,0,0,1,0,1,0,0,1,0,700
0,0,0,0,1,0,0,0,0,0,0,0,0,1,0,0,0,1,0,0,2206
0,0,0,0,1,0,0,0,0,0,0,0,0,0,0,1,0,0,1,0,3024
0,0,0,1,0,0,0,0,0,0,0,0,0,0,0,1,0,1,0,0,2555
0,0,1,0,0,0,0,0,0,0,0,0,0,1,0,0,0,0,1,0,364
1,0,0,0,0,0,0,0,0,0,0,0,0,1,0,0,0,1,0,0,162
0,1,0,0,0,0,0,0,0,0,0,0,0,1,0,0,0,0,1,0,180
0,0,0,0,0,0,1,0,0,0,0,0,0,0,1,0,0,1,0,0,431
0,0,0,0,0,0,0,1,0,0,0,0,1,0,1,0,0,0,0,1,1495
0,0,0,0,0,0,0,0,0,1,0,0,0,0,0,1,0,0,1,0,29
0,0,0,1,0,0,0,0,0,0,0,0,1,0,0,0,0,0,0,1,3376
0,0,1,0,0,0,0,0,0,0,0,0,1,1,0,0,1,0,0,1,487
0,0,0,0,1,0,0,0,0,0,0,0,1,0,0,0,0,0,1,0,3224
0,0,0,1,0,0,0,0,0,0,0,0,0,1,0,0,0,1,0,0,1813
1,0,0,0,0,0,0,0,0,0,0,0,0,0,1,0,1,1,0,1,116
0,0,0,0,0,0,0,0,0,1,0,0,1,0,1,0,1,0,0,0,50
0,0,0,0,0,0,0,0,1,0,0,0,0,1,0,0,0,0,1,0,198
0,0,0,0,0,0,0,0,0,0,0,1,0,0,0,1,0,0,0,1,2619
0,0,0,1,0,0,0,0,0,0,0,0,0,1,0,0,0,1,0,0,2060
0,1,0,0,0,0,0,0,0,0,0,0,1,1,0,0,1,0,1,0,230
1,0,0,0,0,0,0,0,0,0,0,0,0,0,0,1,0,0,0,1,235
0,0,0,0,1,0,0,0,0,0,0,0,1,0,0,0,0,0,0,1,3329
0,0,0,0,0,0,0,0,1,0,0,0,1,0,0,0,0,0,0,1,223
0,0,0,0,0,1,1,0,1,0,0,0,0,0,1,0,0,1,0,0,1178
0,0,0,1,0,0,0,0,0,0,0,0,0,0,0,1,0,0,1,0,3230
0,0,0,0,0,0,0,0,1,0,0,0,1,0,0,0,0,0,1,0,175
0,0,0,0,0,1,0,0,0,0,0,1,1,0,0,0,0,0,0,1,2491
0,0,0,0,0,0,0,1,0,0,0,0,1,0,0,0,0,0,1,0,1392
0,0,1,0,0,0,0,0,0,0,0,0,1,1,1,0,0,0,1,0,686
1,0,0,0,0,0,0,0,0,0,0,0,0,0,0,1,0,0,0,1,249
0,0,0,0,0,0,0,0,1,0,0,0,0,0,1,0,1,0,0,0,193
0,0,0,0,1,0,0,0,0,0,0,0,0,1,0,0,0,1,0,0,2166
0,0,0,0,0,1,0,0,0,0,0,0,0,0,0,1,0,0,1,0,693
0,0,0,1,0,0,0,1,0,0,0,1,0,0,1,0,0,1,0,0,4293
0,0,0,0,1,0,0,0,0,0,0,0,0,1,0,0,0,0,0,1,2622
0,0,0,0,0,0,0,0,0,0,1,1,0,1,0,0,0,0,1,0,1918
0,0,0,0,0,0,0,0,0,0,1,0,0,0,1,0,1,0,0,0,109
1,0,0,0,0,0,0,0,0,0,0,0,1,0,0,0,1,0,1,0,161
0,0,1,0,0,0,0,0,0,0,0,0,0,0,0,1,0,1,0,0,338
0,0,0,0,0,0,0,0,0,1,0,0,0,0,1,1,0,0,1,0,47
0,0,0,0,0,0,0,1,0,0,0,0,0,0,1,0,1,0,0,0,1009
0,0,0,0,1,0,1,0,0,0,0,0,1,0,0,0,0,0,0,1,3734
1,0,0,0,0,0,0,0,0,0,0,0,1,1,1,0,0,0,1,0,287
1,0,0,0,0,0,0,0,0,0,0,0,0,0,1,0,0,0,1,1,204
0,0,0,0,0,0,0,0,1,0,0,0,1,0,0,0,0,0,1,0,206
0,0,1,0,0,0,0,0,0,0,0,0,0,0,0,1,0,1,0,0,299
0,0,0,0,0,0,0,0,0,0,1,0,1,0,0,0,0,0,0,1,127
0,0,0,0,0,0,0,0,0,0,0,1,1,0,0,0,0,0,1,0,2152
0,0,0,0,0,0,0,0,1,0,0,0,1,0,0,1,0,0,0,1,331
0,0,0,0,0,0,0,0,1,0,0,0,0,0,1,0,0,0,0,1,192
0,0,0,0,0,1,0,0,0,0,0,0,0,0,0,1,0,0,0,1,861
0,0,0,1,0,0,0,0,0,0,0,0,0,0,0,1,1,0,0,0,3046
0,0,0,0,0,1,0,0,0,0,0,0,0,1,0,0,1,0,0,0,496
0,0,0,0,1,0,0,0,0,0,0,0,0,0,1,0,0,1,0,0,2209
0,0,0,0,0,0,0,0,0,0,0,1,1,0,0,0,0,0,1,0,1892
0,0,0,0,0,0,0,0,1,0,0,0,0,1,0,0,1,1,0,0,109
0,0,1,0,0,0,0,0,0,0,0,0,0,0,0,1,0,0,1,0,352
1,0,0,0,0,0,0,0,0,0,0,0,1,0,0,0,0,1,0,0,198
0,0,1,0,0,0,0,0,0,0,0,0,0,0,1,0,0,0,0,1,385
1,0,0,0,0,0,0,0,0,0,0,0,1,0,0,0,0,1,0,0,164
0,0,0,0,0,0,0,0,0,1,0,0,0,0,1,0,0,0,1,0,31
1,0,0,0,0,0,0,0,1,1,0,0,1,0,0,0,0,1,0,0,393
0,0,0,0,0,0,0,0,0,1,0,0,0,0,1,0,0,0,0,1,33
0,0,1,0,0,0,0,1,0,0,1,0,0,0,1,0,1,0,1,0,1291
1,0,0,1,0,0,0,0,0,0,0,0,0,0,0,1,0,0,1,0,3006
0,1,0,0,0,0,0,0,0,0,0,0,0,1,0,0,1,0,0,0,171
0,0,0,0,1,0,0,0,0,0,0,0,0,1,0,0,0,0,0,1,3098
0,0,0,0,0,1,0,0,0,0,0,0,0,0,0,1,0,0,1,0,603
0,1,0,0,0,0,0,0,0,0,0,0,1,0,0,0,1,0,0,0,188
0,0,0,0,0,1,0,0,0,1,0,1,0,0,0,1,1,0,1,0,2098
0,0,0,0,0,0,0,0,0,0,0,1,0,1,0,0,0,1,0,0,1492
0,0,0,1,0,0,0,0,0,0,0,0,0,1,0,0,1,0,0,0,2654
0,0,0,1,0,0,0,0,0,1,0,0,0,0,0,1,0,0,0,1,3475
0,0,0,0,0,0,0,0,0,0,1,1,1,0,0,0,1,0,0,0,2256
0,1,0,0,0,0,0,0,0,0,0,0,0,0,1,0,1,0,0,0,160
0,0,0,0,0,0,0,0,0,0,0,1,0,0,0,1,0,1,0,0,1668
0,1,0,0,0,0,0,0,0,0,0,0,1,0,0,0,1,0,0,0,197
0,0,0,0,0,0,0,0,0,0,0,1,1,1,0,0,0,1,0,0,1704
1,0,0,0,0,0,0,0,0,0,0,0,1,0,0,0,1,0,0,1,181
0,0,0,0,0,0,0,0,0,0,0,1,1,0,0,0,0,0,0,1,1466
0,0,0,0,0,0,1,0,0,0,0,0,0,0,0,1,0,1,0,0,436
0,0,0,0,1,0,0,0,0,0,0,0,0,0,0,1,1,0,0,0,3139
0,0,0,0,0,0,0,0,0,0,0,1,0,1,0,0,0,0,1,0,1931
0,0,0,0,0,0,0,1,0,0,0,0,0,1,0,0,1,0,0,0,991
0,0,1,0,0,0,0,0,0,0,0,0,1,0,0,0,0,1,1,1,287
0,1,0,0,0,0,0,0,1,0,0,0,1,0,0,0,0,0,0,1,405
1,0,0,0,0,0,0,0,0,0,0,0,0,0,1,0,0,0,0,1,234
0,0,0,0,0,0,1,0,0,0,0,0,0,0,1,0,0,1,0,0,417
0,0,0,1,0,0,0,0,0,0,0,0,1,0,0,0,0,1,0,0,2239
0,0,0,0,0,0,0,0,0,1,0,0,1,0,1,0,0,1,0,0,36
0,1,0,0,0,0,0,0,0,0,0,0,1,0,0,0,0,1,0,0,194
0,0,0,0,0,0,0,1,0,0,0,1,1,0,0,0,1,0,0,0,3435
0,0,0,0,0,0,0,0,0,1,0,0,1,0,0,0,0,0,1,0,39
0,0,0,1,0,0,0,0,0,0,0,0,1,0,0,0,0,1,0,0,2414
0,0,0,0,0,0,0,0,0,0,1,0,0,0,1,0,0,1,0,0,93
0,0,0,0,0,1,0,0,0,0,0,0,0,1,0,0,0,1,0,0,427
0,0,0,0,1,0,0,0,0,0,0,0,0,0,1,0,1,0,0,0,2827
0,0,0,0,0,0,1,0,0,0,0,0,0,0,1,0,0,0,0,1,535
0,0,0,1,0,0,0,0,0,0,0,0,0,1,0,0,0,1,0,0,1968
0,0,0,0,0,0,1,0,0,0,0,0,0,0,1,0,0,1,0,0,417
0,0,0,0,0,0,0,0,1,0,0,0,1,1,0,0,0,1,0,0,183
0,0,1,0,0,0,0,0,0,0,0,0,0,0,0,1,1,0,0,0,439
0,0,1,0,0,0,0,0,0,0,0,0,0,0,1,0,1,0,0,0,364
1,0,1,0,0,0,0,0,0,0,0,0,0,1,0,0,0,0,1,0,590
0,0,0,0,0,1,0,0,0,0,0,0,1,0,0,0,0,0,1,1,437
0,1,1,0,0,0,0,0,0,0,0,0,0,0,1,0,0,1,0,0,489
0,0,0,0,0,0,0,0,1,0,0,0,0,0,1,0,0,0,0,1,206
0,0,0,1,0,0,0,0,0,0,0,0,0,0,0,1,1,0,0,1,2758
0,1,0,0,0,0,0,0,0,0,0,0,0,1,0,0,1,0,1,1,139
0,0,0,0,1,0,0,0,0,0,0,0,1,1,0,0,0,0,0,1,3825
0,0,0,0,0,0,0,0,0,0,1,0,0,0,0,1,0,0,0,1,103
1,0,0,1,0,1,0,0,0,1,0,0,0,1,0,0,0,1,0,0,3276
0,0,0,0,0,1,0,0,0,1,0,0,0,0,1,0,1,0,0,0,622
0,0,0,0,0,0,0,0,0,0,1,0,0,0,1,0,0,1,0,0,85
0,0,0,0,0,0,0,0,1,0,0,0,0,1,0,1,0,0,0,1,289
0,1,0,0,0,0,0,0,0,0,0,0,0,0,0,1,1,0,0,0,219
1,0,0,0,0,0,0,0,0,0,0,0,0,0,1,0,0,1,0,0,152
0,0,0,0,0,0,0,0,0,0,0,1,0,1,0,0,0,0,1,0,2014
0,0,0,0,0,1,0,0,0,0,0,0,1,0,0,0,0,0,0,1,591
1,0,0,0,0,0,0,0,0,0,0,0,0,0,0,1,0,0,0,1,225
0,0,0,1,0,0,0,0,0,0,0,0,0,0,1,0,0,1,0,0,2223
0,0,0,0,0,0,1,0,0,0,0,0,1,0,0,0,0,0,1,0,587
0,0,0,0,0,0,0,0,0,1,0,0,0,0,1,0,1,0,0,0,27
0,0,0,0,0,0,0,0,0,0,1,0,1,0,0,0,0,1,1,0,80
0,0,0,1,0,0,0,0,0,0,0,0,1,0,0,0,1,0,0,1,2640
0,0,0,0,0,0,0,0,0,1,0,0,0,1,0,0,0,0,0,1,26
0,0,0,0,0,0,0,0,1,0,0,0,0,1,0,0,0,0,0,1,204
0,0,0,0,0,0,0,0,1,0,0,0,0,1,0,0,0,1,0,0,146
1,0,0,0,0,0,0,0,0,1,1,0,1,0,1,0,0,0,1,1,423
0,0,0,0,0,0,0,0,0,1,0,0,0,1,0,0,0,0,0,1,31
0,0,0,0,0,0,0,0,1,0,0,1,1,0,0,0,1,0,0,0,1560
0,0,0,0,0,1,0,0,0,0,0,0,0,0,1,0,0,0,1,0,755
0,0,0,0,1,0,0,0,0,0,0,1,1,0,0,0,1,1,0,0,3067
0,0,0,0,0,0,0,0,0,0,0,1,1,0,0,0,0,1,1,0,1276
0,0,0,1,0,0,0,0,0,0,0,0,0,0,1,0,1,1,0,0,1767
0,0,0,0,1,0,0,0,0,0,0,0,0,1,1,0,0,1,0,0,2598
0,0,0,0,0,0,0,0,1,0,1,0,0,1,0,0,0,0,1,0,213
0,0,0,0,0,0,0,0,1,0,0,0,1,0,0,0,1,0,0,0,208
0,0,0,0,1,0,0,0,0,0,0,0,1,0,0,0,0,0,0,1,3074
0,0,0,0,0,0,0,0,0,1,0,0,0,1,0,0,1,0,0,0,33
0,0,1,0,0,0,0,0,0,0,0,0,0,0,0,1,1,0,1,0,376
0,0,0,1,0,0,0,0,0,0,0,0,0,1,0,0,0,0,1,0,2594
0,1,0,0,0,0,0,0,0,0,0,0,0,1,0,1,1,0,0,0,218
0,0,0,1,0,0,0,0,0,0,0,0,1,0,0,0,0,0,0,1,2819
0,0,0,0,0,0,0,0,1,0,0,0,0,1,0,0,1,0,0,0,157
1,0,0,1,0,0,0,1,0,0,0,0,0,0,0,1,0,1,0,0,3108
0,0,0,0,0,0,0,0,1,0,0,0,0,0,0,1,1,0,0,0,168
0,0,1,0,0,0,0,1,0,0,0,0,1,0,0,0,0,0,0,1,1711
0,0,1,0,0,0,0,0,0,0,0,0,1,0,0,0,0,1,0,0,271
0,0,0,0,0,0,0,0,1,0,0,0,0,0,0,1,0,0,1,0,189
0,0,1,0,0,0,1,0,0,0,0,0,0,0,0,1,0,0,1,0,991
0,0,0,0,0,0,0,1,0,0,0,0,0,1,0,0,1,0,0,0,1216
0,0,0,0,0,0,0,1,0,0,0,0,1,0,0,0,1,0,0,1,1019
0,0,0,0,0,1,0,0,0,0,0,0,0,0,1,0,1,0,0,0,542
0,0,0,0,0,0,0,1,0,0,0,0,1,0,0,0,0,0,0,1,1276
0,0,0,0,0,1,0,0,0,1,0,0,0,0,1,0,0,0,0,1,686
0,0,0,0,0,0,0,0,1,0,0,0,0,1,0,0,0,0,1,0,147
0,0,0,0,1,0,0,0,0,0,0,0,1,1,0,1,0,1,0,0,3719
0,0,0,0,0,0,0,0,0,0,1,0,0,0,1,0,1,0,0,0,99
0,0,0,0,0,0,0,1,0,0,0,0,0,1,0,0,0,0,0,1,1011
0,0,0,0,1,0,0,0,0,0,0,0,1,0,0,0,1,0,0,0,3044
0,0,0,0,1,0,0,0,1,0,0,0,0,0,1,0,0,0,1,0,2453
1,0,1,0,0,0,0,0,0,0,0,0,0,1,0,1,0,0,0,1,804
0,0,0,0,1,0,0,0,0,0,0,0,1,0,0,0,0,1,0,1,1745
0,0,0,0,0,0,0,0,1,0,0,0,0,1,0,0,0,0,0,1,221
0,0,0,0,0,0,0,0,0,0,1,0,0,0,1,0,0,0,0,1,93
0,1,0,0,0,0,0,0,0,0,0,0,0,1,0,0,0,1,0,0,150
0,0,0,0,0,0,1,0,0,0,0,0,1,0,0,0,1,0,0,0,481
0,0,1,0,0,0,0,0,0,0,0,0,0,0,0,1,0,0,1,0,430
0,0,0,0,0,0,0,0,0,0,1,0,0,1,0,0,0,0,1,1,85
0,1,0,0,0,0,1,0,0,0,0,0,1,0,0,1,0,1,0,1,726
1,0,0,0,0,0,0,0,0,0,0,0,0,1,0,0,0,0,1,0,130
0,1,0,0,0,0,0,0,0,0,0,1,1,0,0,0,0,0,0,1,2634
0,0,0,0,0,0,0,0,1,0,0,0,0,0,1,1,0,0,0,1,292
0,1,0,0,0,0,0,0,0,0,0,0,0,0,0,1,0,0,1,0,234
1,0,0,0,0,0,0,0,0,0,0,0,0,0,1,0,0,0,1,0,192
0,0,0,0,0,0,1,0,0,0,0,0,1,0,1,0,1,0,0,0,664
0,1,0,0,0,0,0,0,0,0,0,0,0,0,1,0,0,1,0,0,172
0,0,0,0,0,0,1,0,0,0,0,0,1,0,0,0,0,0,1,0,555
1,1,0,1,0,0,0,0,0,0,0,0,0,0,1,0,0,0,1,0,3016
0,1,0,0,0,0,0,0,0,0,0,0,0,0,1,0,1,0,0,0,164
0,0,0,0,0,1,0,0,0,0,0,0,0,0,1,0,0,0,0,1,663
0,0,0,0,0,1,0,0,0,0,0,0,0,1,0,0,0,0,0,1,559
0,0,0,0,0,0,0,0,0,0,0,1,0,0,0,1,0,0,1,0,1970
0,1,0,0,0,0,0,0,0,0,0,0,0,0,0,1,0,1,0,0,187
0,0,0,0,0,0,1,0,0,0,0,0,0,1,0,0,1,0,0,0,370
0,0,1,0,0,0,0,0,0,0,0,0,0,0,1,0,1,0,0,0,358
0,0,0,0,0,0,0,0,0,1,0,0,1,0,1,0,0,0,1,0,35
1,0,0,0,0,0,0,0,0,0,0,0,0,0,1,0,1,0,1,0,162
0,1,0,0,0,0,0,0,0,0,0,0,0,0,0,1,1,0,0,0,204
0,0,0,0,1,0,0,0,0,0,0,0,0,0,1,0,0,0,0,1,2599
0,0,0,0,0,1,0,0,0,0,0,0,0,0,0,1,0,0,0,1,719
0,0,0,0,0,0,1,0,0,0,0,0,0,1,0,0,0,0,1,0,526
0,0,0,0,0,0,0,1,0,0,0,0,1,0,0,0,0,1,0,0,1000
0,0,0,0,0,0,0,1,1,0,0,0,1,0,0,0,0,0,0,1,1505
0,0,0,0,0,0,0,0,0,1,0,0,1,0,0,0,0,0,0,1,35
0,0,0,0,0,0,1,0,0,0,0,0,0,0,1,0,0,1,0,0,444
0,0,0,0,0,1,0,0,0,0,0,0,0,0,0,1,0,0,0,1,838
0,0,0,0,0,0,0,0,0,1,0,0,0,1,0,0,0,0,0,1,32
0,0,0,0,0,0,0,0,0,0,1,0,0,0,1,0,0,1,0,0,81
0,0,0,1,0,1,0,1,0,0,0,0,0,0,1,0,0,1,0,0,4044
1,0,0,0,0,0,0,0,0,0,0,0,0,0,0,1,0,0,0,1,243
0,0,1,0,0,0,0,0,0,0,0,0,0,1,0,0,1,0,1,0,241
0,0,0,0,0,1,0,0,0,0,0,0,0,1,0,0,0,1,1,0,351
0,0,1,0,0,1,0,0,0,0,0,0,0,1,0,1,0,0,0,1,1293
0,0,0,0,0,0,0,0,0,0,0,1,0,1,0,0,1,0,0,0,1677
0,0,0,0,0,0,0,1,0,0,0,0,0,0,0,1,0,1,0,0,1075
0,0,0,0,0,0,0,0,0,0,0,1,0,1,0,0,0,1,0,0,1340
0,0,0,1,0,0,0,0,0,0,0,0,0,1,0,0,0,0,1,0,2868
0,0,0,0,0,0,1,0,0,0,0,0,1,0,0,0,1,0,0,0,557
0,0,0,0,0,0,0,0,1,0,0,0,0,0,0,1,0,0,1,0,186
0,0,0,0,0,0,0,0,0,0,1,0,0,0,0,1,0,0,1,0,86
0,1,0,0,0,0,0,0,0,0,0,0,0,1,0,0,0,1,0,0,155
0,0,0,0,0,1,0,0,0,0,0,0,0,0,1,0,0,0,0,1,658
0,1,0,0,0,0,0,0,0,0,0,0,1,0,0,0,0,1,0,0,162
0,0,0,0,0,0,0,1,0,0,0,0,1,0,0,0,0,0,1,0,1151
0,1,0,0,0,0,0,0,0,0,0,0,0,1,1,0,0,0,1,0,260
0,0,0,0,0,1,0,0,0,0,0,0,0,0,0,1,0,1,0,0,467
0,0,0,0,1,0,0,0,0,0,0,0,1,0,0,0,0,0,1,0,3019
0,0,0,0,1,0,0,0,0,0,0,0,0,1,0,0,0,0,0,1,2854
0,0,0,0,0,0,0,0,0,1,0,0,0,1,1,0,1,0,0,0,36
0,0,0,0,1,0,0,0,0,0,0,0,0,0,0,1,0,1,0,0,2381
1,0,0,0,0,0,0,0,0,0,0,0,0,0,1,0,0,0,1,0,226
0,0,0,0,0,0,0,1,0,0,1,1,0,0,1,0,1,0,0,0,3380
0,0,0,0,0,1,0,0,0,0,0,0,1,0,0,0,0,1,0,0,458
0,0,0,0,0,0,0,0,0,1,0,0,0,0,0,1,0,1,0,1,21
0,0,1,0,0,0,0,0,0,0,0,0,0,0,1,0,0,0,0,1,492
0,0,1,0,0,0,0,0,0,0,0,0,0,0,0,1,1,0,0,0,396
0,0,1,0,0,0,0,0,0,0,0,0,0,1,0,1,0,1,0,0,277
0,0,0,0,1,0,0,0,0,0,0,0,0,0,0,1,0,0,0,1,3344
0,0,0,0,0,0,0,0,0,0,1,0,1,0,0,0,1,0,0,0,92
0,0,1,0,0,0,0,0,0,0,0,0,0,1,0,0,0,1,0,0,323
0,0,0,1,0,0,0,0,0,0,0,0,0,1,0,0,0,0,0,1,2654
0,0,0,0,0,0,0,0,0,1,0,0,0,1,0,0,0,0,0,1,29
0,0,0,0,0,0,0,0,1,0,0,0,0,0,0,1,0,0,0,1,190
0,0,0,0,0,0,0,0,0,0,0,1,0,1,0,0,0,0,0,1,1988
0,0,0,0,0,0,0,0,0,1,0,0,0,0,0,1,1,0,0,0,34
0,0,0,0,0,0,0,0,0,1,0,0,0,0,0,1,1,0,0,0,30
0,0,0,0,1,0,0,0,0,0,0,0,1,0,0,1,1,0,0,0,3681
0,1,0,1,0,0,1,0,0,0,0,0,0,0,0,1,0,1,0,0,2545
0,0,0,0,0,1,0,0,0,0,0,0,1,0,0,0,1,0,0,0,632
0,0,0,0,0,0,0,0,0,0,1,0,0,0,1,0,0,0,0,1,111
0,0,0,0,1,0,0,0,0,0,0,0,0,0,0,1,0,0,1,1,3022
0,0,0,1,0,0,0,0,0,0,0,0,1,0,0,0,0,0,0,1,2904
0,0,0,0,0,0,0,1,0,0,0,0,1,0,0,0,0,0,0,1,1338
0,0,0,0,0,0,0,0,0,0,0,1,0,0,0,1,0,1,0,0,1423
0,0,0,1,0,0,0,0,0,1,0,0,0,1,1,0,0,0,1,0,3523
0,1,0,0,0,0,0,0,0,0,0,0,0,0,1,0,0,0,0,1,264
0,0,0,0,0,0,0,1,0,0,0,0,0,0,0,1,0,0,1,0,1154
0,0,1,0,0,0,0,0,0,0,0,0,0,0,1,0,1,0,0,0,438
0,0,1,0,0,0,0,0,0,0,0,0,0,1,0,0,0,0,1,0,364
0,0,0,0,0,0,1,0,0,0,1,0,0,1,0,0,1,0,0,0,502
0,0,0,0,0,0,0,1,0,0,0,0,1,1,1,0,1,0,0,0,1747
0,0,0,0,1,0,0,0,0,0,0,0,0,1,0,0,0,1,0,1,1751
0,0,0,0,0,0,0,1,0,0,0,1,1,0,0,0,1,0,0,0,2768
1,1,0,0,0,0,0,1,0,0,0,0,1,1,1,0,0,0,0,1,2888
0,0,0,0,0,0,0,0,0,1,0,0,0,0,1,0,1,0,0,0,32
0,0,0,0,1,0,0,0,0,0,0,0,0,0,1,0,0,0,1,0,2568
0,0,0,1,0,0,0,0,0,0,0,0,1,1,0,0,1,0,0,0,3159
0,0,0,0,0,0,0,0,1,0,0,0,1,0,1,0,1,0,0,0,253
0,0,0,0,0,0,1,0,0,0,0,0,0,0,0,1,0,0,0,1,634
0,0,0,0,0,1,0,0,0,0,0,0,0,1,0,1,1,0,0,1,573
0,0,0,1,0,0,0,0,0,0,0,0,0,0,1,0,0,0,1,0,2788
0,0,0,1,0,0,0,0,0,0,0,0,0,0,1,0,0,0,0,1,2326
0,0,1,0,0,0,0,0,0,0,0,0,0,0,1,0,0,1,0,0,306
0,1,0,0,0,0,0,0,0,0,0,0,0,0,0,1,0,1,0,0,188
0,0,0,1,0,0,0,0,0,1,0,0,0,0,1,0,0,1,0,0,2390
0,0,0,0,0,0,1,0,0,0,0,0,0,0,1,0,0,0,0,1,562
0,0,0,1,0,0,0,1,0,0,0,0,1,0,1,0,1,0,0,1,4153
0,0,1,0,0,0,0,0,0,0,0,0,1,0,0,0,1,0,0,0,415
0,0,1,0,0,0,0,0,0,0,0,0,0,1,0,0,0,0,1,0,311
0,0,0,0,0,0,0,0,0,0,0,1,0,0,1,0,0,1,0,0,1722
0,1,0,0,0,0,0,0,0,0,0,0,1,0,0,0,0,0,0,1,250
0,0,0,1,0,0,0,0,0,0,0,0,0,1,0,0,0,0,0,1,2747
0,0,0,1,0,0,0,0,0,0,0,0,0,1,0,0,0,0,1,1,2339
0,0,0,0,0,1,0,0,0,0,0,0,1,0,0,0,0,0,1,0,688
0,1,0,0,0,0,0,0,0,0,0,0,1,0,0,0,0,0,0,1,237
0,0,1,0,0,1,0,0,0,0,0,0,0,1,0,0,0,1,0,0,783
0,0,0,0,0,0,0,0,0,0,0,1,0,0,0,1,1,0,0,0,2146
0,0,0,0,0,0,1,0,0,0,0,0,0,0,1,0,1,0,0,0,525
0,0,0,0,0,0,1,0,0,0,0,0,1,0,0,0,1,1,1,0,299
0,0,1,0,0,0,0,0,0,0,0,0,1,0,0,0,0,0,1,0,512
1,0,0,0,0,0,0,0,0,0,0,0,0,0,0,1,0,0,0,1,237
0,0,0,1,0,0,0,0,0,1,0,0,0,0,1,0,1,0,0,0,2866
0,0,0,0,0,0,0,0,1,0,0,0,0,1,0,0,1,0,0,0,181
1,0,0,0,0,0,0,0,0,0,1,0,0,1,0,0,0,1,0,0,184
0,0,0,0,0,0,0,0,0,0,1,0,0,1,0,0,0,1,0,0,60
0,0,0,0,0,0,0,0,0,0,1,0,0,0,1,0,1,0,0,0,105
0,1,0,0,0,0,0,0,0,0,0,0,0,0,1,0,0,0,0,1,228
0,0,0,0,0,0,0,0,0,0,0,1,0,0,0,1,1,0,0,0,1981
0,0,0,0,0,1,0,0,0,0,0,0,1,0,0,0,0,0,0,1,609
0,0,0,0,0,0,0,0,1,0,0,0,0,1,1,1,0,1,0,0,269
0,0,0,0,0,0,0,0,1,0,0,0,1,0,1,0,1,0,1,0,221
0,0,1,0,0,0,0,0,0,0,0,0,0,1,0,0,0,0,1,0,403
0,0,1,0,0,0,0,0,1,0,0,0,0,0,0,1,0,0,1,0,583
0,0,0,0,0,0,0,0,0,1,0,0,1,0,1,0,0,0,1,0,34
0,1,0,0,0,0,0,0,0,0,0,0,1,0,0,0,0,1,0,0,157
0,0,0,0,0,0,0,0,1,0,0,0,1,0,0,0,1,1,0,0,143
0,0,0,0,0,0,1,0,0,0,0,0,0,0,1,0,0,0,1,0,629
0,0,1,0,0,0,0,0,0,0,0,0,0,1,0,0,1,0,0,0,387
1,0,0,0,0,0,0,0,0,0,0,0,0,1,0,0,1,0,0,0,195
0,0,0,0,0,1,0,0,0,0,0,0,0,1,0,0,0,0,0,1,622
0,0,0,0,0,0,0,1,0,0,0,0,0,0,0,1,0,0,1,0,1166
0,0,0,0,0,0,1,0,0,0,0,0,0,0,1,0,0,0,1,0,608
0,0,0,0,0,1,0,0,0,0,0,0,0,0,0,1,1,0,0,1,568
0,0,0,0,0,0,0,0,0,0,1,0,1,0,0,0,1,0,0,0,105
1,0,0,0,0,0,0,0,0,0,0,0,1,0,0,1,0,0,1,0,281
0,0,1,0,0,0,0,0,0,0,0,0,0,0,0,1,1,0,1,1,309
0,0,0,0,0,0,1,0,0,0,0,0,0,0,0,1,1,0,0,0,599
1,0,0,0,0,0,0,0,0,0,0,0,0,0,1,0,0,1,0,0,142
0,0,0,1,0,0,1,0,0,0,0,0,0,0,1,0,0,0,0,1,3583
0,0,0,0,0,0,0,0,0,0,1,0,1,0,1,0,0,0,0,1,165
0,0,0,0,0,1,0,0,0,0,0,0,0,0,0,1,1,0,0,0,684
0,0,0,0,0,0,0,0,0,1,0,0,0,0,0,1,0,0,1,1,31
0,0,0,0,0,0,0,0,0,1,0,0,0,0,0,1,0,0,0,1,33
0,1,0,0,0,0,0,0,0,0,0,0,1,0,0,0,1,0,0,0,201
0,0,0,0,0,0,0,0,0,1,0,0,0,1,0,0,0,0,0,1,25
0,1,0,0,0,0,0,0,0,0,0,0,1,0,0,0,1,0,0,0,230
0,0,0,0,0,0,1,0,0,0,0,0,0,0,0,1,0,0,1,1,521
0,0,0,0,1,0,0,0,0,0,0,0,0,0,1,0,0,0,0,1,2989
0,0,0,0,0,1,0,0,0,0,0,0,0,0,1,0,1,0,0,0,562
1,0,0,0,1,0,0,0,0,1,0,0,0,0,1,0,0,0,0,1,3465
0,0,0,1,0,0,0,0,0,0,0,0,0,1,0,1,0,0,1,0,3180
0,1,0,0,0,0,0,1,0,0,1,0,0,1,0,0,0,1,0,0,1130
1,0,0,0,0,0,0,0,0,0,0,0,0,0,1,0,0,0,1,0,186
1,0,0,0,0,0,0,0,0,0,0,0,0,1,0,0,0,0,1,0,173
0,0,0,0,0,0,0,0,0,0,1,0,0,1,0,0,0,1,0,0,71
0,0,0,0,0,0,0,0,0,0,0,1,1,1,0,0,0,0,0,1,2622
0,0,0,0,0,1,0,0,0,0,0,0,0,0,0,1,1,0,0,0,507
0,0,0,0,0,0,0,0,0,0,0,1,0,0,0,1,0,1,0,0,1617
1,0,0,0,0,0,0,0,0,0,0,0,0,0,0,1,0,1,0,0,148
0,0,0,0,0,0,0,0,1,0,0,0,0,0,1,0,0,0,1,0,194
0,0,0,0,1,0,0,0,0,0,0,1,1,0,0,0,0,1,1,1,2905
0,0,1,0,0,0,0,0,0,0,0,0,0,1,0,0,1,0,0,0,340
0,0,0,0,0,0,0,1,0,0,0,0,1,0,0,0,0,1,0,0,1055
0,0,0,0,0,0,0,0,0,0,1,0,0,1,0,0,0,0,0,1,114
0,0,0,0,0,0,0,0,1,0,0,0,0,1,0,0,0,1,0,0,147
0,0,0,0,0,0,0,0,0,1,0,0,0,1,0,0,1,0,1,1,23
1,0,0,0,0,0,0,0,0,0,0,0,0,0,1,1,0,0,0,1,335
0,0,0,0,0,0,0,0,0,0,0,1,0,0,1,0,0,1,0,0,1301
0,0,0,0,0,1,0,0,0,0,0,0,1,0,0,0,0,0,1,0,543
1,0,0,0,0,0,0,0,0,0,0,0,0,0,0,1,1,0,0,0,198
0,0,0,0,0,0,0,0,0,0,1,0,0,0,0,1,1,1,0,1,57
1,0,0,0,0,0,0,0,0,0,0,0,1,1,1,0,1,0,0,0,313
0,0,0,0,0,0,0,0,0,1,0,0,0,1,0,0,1,0,0,0,25
0,0,0,1,0,0,0,0,0,0,0,0,0,1,0,0,0,0,1,1,2195
0,0,0,1,0,0,0,0,0,0,0,0,0,0,1,0,0,0,1,0,2510
0,1,0,0,0,0,0,0,0,0,0,0,0,0,0,1,0,1,0,0,182
0,0,0,0,0,0,0,0,1,0,0,0,0,0,1,0,0,0,1,0,214
0,0,0,0,0,0,0,0,1,0,0,0,1,0,0,0,0,1,0,0,167
0,0,1,0,0,0,0,0,0,0,0,0,0,0,0,1,1,0,0,0,441
0,1,0,0,0,0,0,0,0,0,0,0,0,0,1,1,0,1,0,1,187
1,0,0,0,0,1,0,0,0,0,0,0,0,0,0,1,1,0,0,0,836
0,1,0,0,0,0,1,0,0,0,1,0,0,1,0,0,0,1,0,0,600
0,0,0,0,1,0,0,0,0,0,0,0,1,0,0,0,0,0,1,1,2921
0,0,0,0,1,0,0,0,0,0,0,0,0,1,0,0,1,0,0,0,2471
0,0,0,0,0,0,0,0,0,1,0,0,0,1,0,0,0,0,1,0,26
0,0,0,0,0,0,1,0,0,0,0,1,0,1,0,0,0,0,1,0,2002
1,0,0,0,0,0,0,0,0,0,0,0,0,0,0,1,0,0,1,0,200
0,0,0,0,0,1,0,0,0,0,0,0,0,0,0,1,0,0,1,0,620
0,0,0,0,0,0,0,0,0,0,1,0,0,0,1,1,0,0,0,1,131
0,0,0,0,0,1,0,0,0,0,0,0,0,1,0,0,0,0,1,0,617
0,0,0,0,0,0,0,0,1,0,0,0,0,0,0,1,1,0,0,0,235
0,0,0,0,1,0,0,0,0,0,0,0,0,0,0,1,0,0,1,0,2763
0,0,0,0,0,0,0,0,0,1,0,0,1,0,0,0,1,0,0,0,28
0,0,0,0,0,0,0,0,0,0,0,1,0,0,0,1,0,1,0,0,1755
0,0,1,1,0,0,0,0,0,0,0,0,0,1,0,0,0,1,0,0,2268
0,0,0,0,0,0,0,0,1,0,0,0,0,0,1,0,0,1,0,0,161
0,0,0,0,0,0,0,0,0,1,0,0,0,0,0,1,0,0,0,1,34
0,0,0,1,0,0,0,0,0,0,0,0,1,1,0,0,0,0,1,0,3999
0,0,1,0,0,0,0,0,0,0,0,0,1,0,0,0,0,0,0,1,444
1,0,0,0,0,0,0,0,0,0,0,0,0,0,1,0,0,1,0,0,153
1,0,0,0,0,0,0,0,0,0,0,0,0,1,0,0,0,1,0,0,147
0,1,0,0,0,0,0,0,0,0,0,0,0,0,1,0,0,0,1,0,223
0,0,0,0,0,1,0,0,0,0,0,0,0,0,0,1,0,1,1,0,572
0,0,0,0,0,0,0,0,0,0,1,0,0,0,0,1,0,0,0,1,91
0,0,0,0,0,0,0,0,0,0,1,0,0,0,1,0,0,1,1,0,56
0,0,0,0,0,0,0,1,0,0,0,0,0,1,0,0,0,0,1,0,1266
0,0,0,0,1,0,0,0,0,0,0,0,0,1,0,0,1,1,1,0,1146
0,0,0,0,1,0,0,0,0,0,0,0,1,0,0,0,0,0,0,1,3551
1,0,0,0,0,0,0,0,0,0,0,0,1,0,0,0,0,1,1,1,127
0,0,1,0,0,0,0,0,0,0,0,0,0,0,1,0,0,0,1,0,367
0,0,0,0,0,0,0,0,0,1,0,0,1,0,0,0,0,0,0,1,37
0,0,1,0,0,0,0,0,0,0,0,0,0,1,0,1,1,0,0,0,485
0,0,0,0,0,1,0,0,0,0,0,0,1,1,0,1,0,1,0,0,829
0,0,0,0,0,0,0,0,0,0,1,0,0,0,1,0,0,1,0,0,91
0,0,0,1,0,0,0,0,0,0,0,0,0,0,1,0,0,1,0,0,2334
0,0,0,0,1,0,0,0,0,0,0,0,0,1,0,0,1,0,0,0,2791
1,0,0,0,0,0,0,0,0,0,0,0,1,0,0,0,0,1,0,0,153
0,0,0,0,0,0,0,0,1,0,0,0,0,0,1,0,0,0,1,0,170
0,0,0,1,0,0,1,0,1,0,0,0,1,0,0,0,1,0,0,0,3336
0,0,0,0,0,0,0,0,0,0,1,0,0,0,0,1,0,0,1,0,98
0,0,0,0,0,1,0,0,0,0,0,0,0,1,0,0,1,0,0,0,507
0,0,0,0,1,0,0,0,0,0,0,0,0,1,0,0,0,0,1,0,2168
0,0,0,0,0,0,0,0,0,0,0,1,1,0,0,0,1,0,0,0,1681
0,0,0,0,0,0,0,0,1,0,0,0,1,0,0,0,0,0,1,0,189
0,0,0,1,0,0,0,0,0,0,0,0,1,0,0,1,1,0,0,0,3422
0,0,0,0,0,0,0,0,0,0,0,1,0,0,0,1,0,0,1,0,2127
0,0,0,1,0,0,0,0,0,0,0,0,0,1,0,0,0,0,1,0,2045
0,0,0,0,0,0,0,0,0,1,0,0,0,0,1,0,1,0,0,0,33
0,0,0,0,1,0,0,0,0,0,0,0,1,0,0,0,0,1,0,0,2532
0,0,0,0,0,0,0,0,1,0,0,0,0,0,1,0,0,0,0,1,179
0,0,0,1,0,0,0,0,0,0,0,0,0,0,1,0,1,0,0,0,2550
0,0,1,0,0,0,0,0,0,0,0,0,0,0,1,0,1,0,0,0,353
0,0,0,0,0,0,0,0,1,0,0,0,0,0,1,0,1,0,1,1,152
0,0,0,0,0,0,0,1,0,0,0,0,1,0,0,1,0,0,0,1,2151
0,0,0,1,0,0,0,0,1,0,0,0,0,0,1,0,0,0,1,0,2762
1,0,1,0,0,0,0,0,0,0,0,0,0,0,0,1,1,0,0,1,483
0,0,0,0,0,0,0,0,0,1,0,0,0,0,0,1,0,0,0,1,39
0,0,1,0,0,0,0,0,0,0,0,0,0,0,1,0,0,1,0,0,263
0,1,0,0,0,0,0,0,0,0,0,0,0,0,0,1,0,0,1,0,222
0,0,0,0,0,0,0,0,0,0,1,0,1,0,0,0,0,0,1,0,99
0,1,0,0,0,0,0,0,0,0,0,0,0,0,1,0,1,0,0,0,167
0,0,0,0,0,0,0,0,0,0,1,0,0,1,0,1,0,0,0,1,150
0,0,1,0,0,0,0,0,0,0,0,0,0,0,0,1,1,0,1,0,301
0,0,1,0,0,0,0,0,0,0,0,0,0,1,0,0,0,0,1,0,395
1,0,0,0,0,0,0,0,0,0,0,0,0,1,0,0,0,0,1,0,186
0,0,0,0,0,0,0,0,1,0,0,0,1,0,0,0,1,0,0,0,222
0,0,0,0,0,0,1,0,0,0,0,0,0,1,0,0,1,0,0,0,440
0,0,0,0,0,0,0,1,0,0,0,0,0,1,0,0,0,1,0,1,573
0,0,0,1,0,0,0,0,0,1,0,0,0,1,0,0,1,0,0,0,1966
0,0,0,0,0,0,1,0,0,0,0,0,0,0,1,0,0,0,0,1,561
0,0,0,0,0,0,0,0,0,0,0,1,1,0,1,1,0,1,1,0,2318
0,0,0,1,0,0,0,0,0,0,0,0,1,0,0,0,0,0,1,0,2996
0,0,0,0,0,0,0,1,0,0,0,0,0,1,0,0,0,0,1,0,1123
0,0,0,0,0,0,1,0,0,0,0,0,1,0,0,0,0,0,0,1,537
0,0,0,0,0,0,0,0,0,1,0,0,0,0,0,1,1,0,0,0,32
0,1,0,0,0,0,0,0,0,0,0,0,1,1,0,0,0,0,0,1,257
0,0,0,0,0,1,0,0,0,0,0,0,0,0,1,0,0,1,0,0,493
0,0,1,0,0,0,0,0,0,0,0,0,1,0,0,0,0,0,0,1,433
0,0,0,1,0,0,0,0,0,0,0,0,0,1,0,0,0,0,0,1,2610
0,1,0,0,0,0,0,0,0,0,0,0,0,0,1,0,0,0,1,0,166
0,1,0,0,0,0,0,0,0,0,0,0,0,0,0,1,0,0,1,0,197
0,0,0,0,1,1,0,0,0,0,1,0,1,0,0,0,1,0,0,0,4303
1,0,0,0,0,0,0,0,0,0,0,0,1,0,0,0,1,0,1,0,148
0,1,0,0,0,0,0,0,0,0,0,0,1,0,0,0,0,0,0,1,205
0,0,0,0,0,0,0,0,0,0,0,1,0,1,1,0,0,0,1,0,2098
0,1,0,0,0,0,0,0,0,0,0,0,0,0,0,1,0,1,0,0,170
0,0,0,0,1,0,0,0,0,0,0,0,0,0,0,1,0,0,1,0,2656
0,0,0,0,0,0,0,0,1,0,0,0,0,0,1,0,1,0,0,0,174
0,0,0,0,0,0,0,0,1,0,0,0,1,0,1,0,0,0,0,1,267
0,0,0,1,0,0,0,0,0,0,0,0,0,1,0,0,0,1,0,0,1901
0,0,0,0,0,0,0,0,0,0,0,1,0,1,0,0,1,0,0,0,2037
0,0,0,0,0,0,0,0,1,0,0,0,0,0,0,1,1,0,0,0,207
1,1,0,0,0,0,0,0,0,0,1,0,1,0,0,0,0,1,0,0,479
0,0,0,0,0,0,0,1,0,0,0,0,0,1,0,0,0,1,0,0,910
0,0,0,0,0,0,0,0,1,0,0,0,0,1,0,0,0,0,1,1,124
0,0,0,0,0,1,0,0,0,0,0,0,1,0,0,0,1,0,1,0,471
0,0,1,0,1,0,1,0,0,0,0,0,0,0,1,0,1,0,0,0,3686
0,0,0,0,0,0,0,0,0,1,0,0,0,1,1,0,0,0,1,0,38
0,1,0,0,0,0,0,1,0,0,0,0,0,0,1,0,0,0,0,1,1798
0,0,0,0,0,1,0,0,0,0,0,0,1,0,0,0,1,0,0,0,632
0,0,0,0,0,0,0,0,0,0,0,1,0,0,1,0,1,0,0,0,1948
0,0,0,0,0,1,0,0,0,0,0,0,1,0,0,0,1,0,0,0,559
0,0,0,1,0,0,0,0,0,0,0,0,0,1,0,0,0,0,0,1,2663
0,0,0,0,0,0,0,0,0,0,1,0,0,1,0,0,1,0,0,0,67
0,1,0,0,0,0,0,0,0,0,0,0,0,1,0,0,0,0,1,0,180
0,0,0,0,0,0,0,0,0,1,0,0,0,0,0,1,0,1,0,0,22
0,0,0,0,0,0,0,0,0,0,0,1,0,0,1,0,0,0,0,1,2555
0,0,0,0,0,1,0,0,0,0,0,0,1,0,0,0,0,0,0,1,660
0,0,0,0,0,1,0,0,0,0,0,0,1,0,0,0,1,0,0,0,680
0,0,0,0,1,0,0,0,0,0,0,0,0,0,0,1,0,0,1,1,2307
0,0,1,0,0,0,0,0,0,0,0,0,1,0,0,0,0,0,1,0,432
0,0,0,0,0,0,0,1,0,0,0,0,0,0,1,0,0,0,0,1,1374
0,0,0,0,0,0,0,0,0,0,0,1,0,0,1,0,0,1,0,0,1483
0,0,0,0,0,0,0,0,0,1,0,0,0,0,0,1,0,0,1,0,33
0,0,1,1,0,0,0,0,0,0,0,0,1,0,0,0,0,1,0,0,2924
0,0,0,1,0,0,0,0,0,0,0,0,0,1,0,0,0,1,0,0,2041
0,0,0,0,0,1,0,0,0,0,1,0,1,0,0,0,1,0,0,0,552
0,1,0,0,0,0,0,0,0,0,0,0,0,0,1,0,0,0,1,0,196
0,0,0,0,0,0,0,0,0,0,0,1,1,0,0,0,1,0,0,0,2171
0,0,1,0,0,0,0,0,0,0,0,0,0,0,0,1,0,0,0,1,417
0,0,0,0,0,0,0,1,0,0,0,0,0,0,1,0,0,0,0,1,1412
0,0,0,0,0,0,1,0,0,0,0,0,0,0,0,1,0,1,1,1,351
0,0,1,0,0,0,0,0,0,0,0,0,0,1,0,0,0,1,1,0,278
1,0,0,0,1,0,0,0,0,0,0,0,1,1,1,0,1,0,0,0,3389
0,1,0,0,0,0,0,0,0,0,0,0,1,0,0,0,0,0,1,0,198
0,0,0,0,0,0,0,0,0,1,0,0,0,0,1,0,1,0,0,1,33
0,0,0,0,0,0,0,0,0,0,0,1,0,1,1,0,1,0,0,0,2122
0,0,0,0,0,0,0,0,0,1,0,0,0,0,1,0,0,0,0,1,37
0,0,0,0,0,1,0,0,0,0,0,0,0,0,1,0,0,0,0,1,606
0,0,0,0,0,0,0,0,1,0,0,0,0,1,0,0,0,0,0,1,189
0,0,0,0,0,0,0,1,0,0,0,0,0,1,0,0,0,1,0,0,842
0,0,0,1,0,0,0,0,1,1,1,0,0,1,0,0,1,0,0,0,3364
0,0,0,0,0,0,0,1,0,0,0,0,0,1,0,0,0,0,1,1,847
0,0,1,0,0,0,0,0,0,0,0,0,1,0,0,0,0,0,1,0,455
0,0,0,0,0,1,0,0,0,0,0,0,0,0,1,0,1,0,0,0,507
0,1,0,0,0,0,0,0,0,0,0,0,0,1,0,0,0,0,0,1,186
0,0,0,0,0,0,0,0,0,0,1,0,1,0,0,1,1,0,0,0,121
0,0,0,1,0,0,0,0,0,0,0,0,0,0,1,0,0,1,0,1,1918
0,0,1,0,0,0,0,0,0,0,0,0,1,0,0,0,0,0,1,0,426
0,0,0,0,0,0,0,1,0,0,0,0,1,0,1,1,1,1,0,0,1526
1,0,0,0,0,0,0,0,0,0,0,0,1,1,0,0,0,1,0,0,199
0,1,0,0,0,0,0,0,0,0,0,0,0,0,0,1,1,0,0,0,221
0,0,0,0,0,0,0,0,0,0,0,1,0,1,0,0,1,0,0,0,1650
0,0,0,0,0,0,0,0,1,0,0,0,0,0,0,1,0,1,0,0,172
0,0,0,0,0,0,1,0,0,0,0,0,0,1,0,0,0,0,1,0,446
0,0,0,0,0,0,0,0,0,0,1,0,0,0,0,1,0,1,0,0,88
0,0,0,0,0,0,0,1,0,0,0,0,0,0,0,1,0,0,0,1,1450
0,0,0,0,0,0,0,0,0,0,1,0,0,0,1,0,0,0,1,0,92
0,1,0,0,0,0,0,0,0,0,1,0,0,0,0,1,1,0,0,0,278
1,0,0,0,0,0,0,0,0,0,0,0,0,0,0,1,0,0,0,1,222
0,0,0,0,0,1,0,0,0,0,0,0,1,0,1,0,0,0,1,0,860
0,0,0,0,0,0,0,0,1,0,0,0,0,0,1,0,0,0,1,0,200
0,0,0,0,0,0,1,0,0,0,0,0,1,0,0,0,0,0,1,1,428
0,0,0,0,0,0,0,0,0,1,0,0,1,0,0,0,1,1,1,0,17
0,0,0,0,0,0,1,0,0,0,0,0,0,0,1,1,1,0,0,1,642
0,0,0,0,0,1,0,0,0,0,0,0,0,0,0,1,0,0,0,1,666
0,0,0,0,0,0,0,0,1,0,0,0,1,1,0,0,0,0,1,0,202
0,0,1,0,0,0,0,0,0,0,0,0,0,0,0,1,0,0,1,0,393
0,0,0,0,0,1,0,0,0,0,0,0,1,1,0,0,1,0,0,0,609
0,0,0,0,0,0,0,0,0,0,1,0,0,0,0,1,0,1,0,0,79
0,1,0,0,0,0,0,0,0,0,0,0,0,1,0,0,0,0,0,1,221
0,0,0,0,0,0,0,0,1,0,0,0,0,0,0,1,0,0,0,1,248
0,1,0,0,0,0,0,0,0,0,0,0,0,0,0,1,0,0,1,0,235
0,1,0,0,0,0,0,0,0,0,0,0,0,1,0,0,0,1,0,1,147
0,0,0,0,0,0,1,0,0,0,0,0,0,0,1,0,0,0,1,0,543
0,0,0,0,0,0,0,1,0,0,0,0,0,1,0,0,1,0,0,0,935
0,0,0,0,0,0,1,0,0,0,0,0,1,0,0,0,0,1,0,0,378
1,0,0,0,0,0,0,0,0,0,0,0,1,0,0,0,0,1,0,0,151
1,0,0,0,0,0,0,0,0,0,0,0,0,0,0,1,1,0,1,0,154
0,0,0,0,0,0,1,0,0,0,0,0,0,0,1,0,0,1,0,0,453
0,0,0,0,0,0,1,0,0,0,0,1,0,0,1,0,1,0,0,0,2434
0,0,0,0,0,0,0,0,0,0,0,1,1,0,0,0,0,1,0,0,1433
0,0,0,0,1,0,0,0,0,0,0,0,0,0,1,0,0,1,0,0,2089
0,0,0,0,0,0,0,1,0,0,0,0,0,0,1,0,0,1,0,0,1076
0,0,0,0,1,0,0,0,0,0,0,0,0,1,0,0,0,0,1,0,3019
0,0,0,0,0,0,1,0,0,0,0,0,0,0,1,0,1,0,0,0,519
0,0,0,0,0,0,0,0,0,1,0,0,0,1,0,0,0,0,1,0,30
0,1,0,0,0,0,0,0,0,0,0,0,0,0,0,1,1,0,0,1,175
0,0,1,0,0,1,0,0,0,0,0,0,0,0,1,0,1,0,0,0,653
0,0,0,0,1,0,0,0,0,0,0,0,0,1,0,0,0,1,0,1,1581
0,0,0,0,0,1,0,0,0,0,0,0,0,0,0,1,1,0,1,0,431
0,0,0,0,0,1,0,0,0,0,0,0,0,1,0,0,0,1,0,0,439
0,0,0,0,0,1,0,0,0,0,0,0,1,1,0,0,1,0,0,0,714
0,0,0,0,0,0,0,0,0,0,1,0,0,0,1,0,0,0,1,0,98
0,0,0,0,0,0,0,1,0,0,0,0,0,1,0,0,1,0,0,0,920
0,0,0,0,0,0,0,0,0,0,0,1,1,0,0,0,0,1,0,0,1644
0,0,0,0,0,1,0,0,0,0,0,0,0,1,1,0,0,1,0,0,547
0,0,0,0,0,0,0,0,0,1,0,0,0,0,0,1,0,1,0,0,22
1,0,0,0,0,0,0,0,0,0,1,1,0,1,0,0,0,1,0,0,1704
0,0,0,0,0,0,0,0,0,0,1,0,0,0,0,1,1,0,0,0,101
0,1,0,0,0,0,0,0,0,0,0,0,0,1,0,0,1,0,0,0,178
1,0,0,0,0,0,0,0,0,0,0,0,1,0,0,0,0,1,0,0,196
0,0,0,0,0,0,1,0,0,0,0,0,0,0,1,0,0,0,1,0,469
0,0,0,0,0,0,0,0,0,0,0,1,0,1,0,0,1,0,0,0,1563
0,0,0,0,0,0,1,0,0,0,0,0,0,0,1,0,0,0,1,0,495
0,0,0,0,0,0,0,1,0,0,0,0,0,0,0,1,1,1,0,0,966
0,0,1,0,0,0,0,1,0,0,0,0,0,0,1,0,1,0,0,0,1834
0,1,0,0,0,0,0,0,0,0,0,0,0,0,0,1,0,1,0,0,194
0,0,0,0,1,0,0,0,1,0,0,0,0,0,1,0,1,0,1,0,2247
0,0,0,0,0,0,0,0,0,0,1,0,1,0,0,0,1,0,1,0,90
0,0,0,0,0,1,0,0,0,0,0,0,1,0,0,0,0,0,1,0,678
0,0,0,0,0,1,0,0,0,0,0,0,0,1,0,0,1,0,0,0,537
0,1,0,0,0,0,0,0,0,0,0,0,0,1,0,0,0,1,0,0,172
0,0,0,0,0,0,0,1,0,0,0,0,0,1,0,0,0,1,1,0,795
0,0,0,1,0,0,0,0,0,0,0,0,0,0,1,0,0,0,0,1,2876
1,0,0,0,0,0,0,0,0,0,0,0,0,0,1,0,1,0,0,0,184
0,0,0,0,0,0,0,0,1,0,0,0,0,1,0,0,0,0,0,1,183
0,1,0,1,0,0,0,0,0,0,1,0,1,0,0,0,0,0,1,0,3422
0,0,0,0,0,0,0,1,0,0,0,0,0,0,0,1,0,1,1,0,826
0,0,1,0,0,0,0,0,0,1,0,0,0,0,1,0,0,0,1,0,455
0,0,0,0,0,0,0,1,0,0,1,0,0,1,0,0,0,0,0,1,1274
0,0,0,0,1,0,0,0,0,0,0,0,0,0,1,0,0,0,0,1,2865
0,0,0,0,0,1,0,0,0,0,0,0,0,0,0,1,1,0,0,0,617
0,0,0,1,0,1,0,0,0,0,0,0,0,0,1,0,0,0,0,1,3815
0,0,0,0,1,0,0,0,0,0,0,0,0,0,1,0,0,0,1,0,2614
1,0,0,0,0,0,0,0,0,0,0,0,0,0,0,1,0,0,0,1,233
0,0,0,1,0,0,0,0,0,0,0,0,1,0,0,0,1,0,0,0,2915
0,0,1,0,0,0,0,0,0,0,0,0,0,0,0,1,0,0,0,1,417
0,0,0,0,0,0,1,0,0,0,0,0,0,0,0,1,1,0,0,0,486
0,0,0,1,0,0,0,0,0,0,0,0,1,0,0,0,0,0,0,1,3360
1,0,0,1,1,0,0,0,0,0,0,0,1,0,1,0,0,1,0,0,6658
0,0,0,1,0,0,0,0,0,0,0,0,1,0,0,0,0,0,1,0,2499
0,0,0,0,0,1,0,0,0,0,0,0,1,0,1,0,0,0,0,1,1013
0,0,1,0,0,0,0,0,0,0,0,0,0,0,1,0,0,0,1,0,473
0,0,0,0,0,1,0,0,0,0,0,0,0,0,1,0,0,0,1,0,674
0,0,0,0,0,0,0,0,1,0,0,0,0,0,1,0,0,0,0,1,236
0,0,0,0,0,0,0,0,0,0,0,1,0,1,0,0,0,0,0,1,1656
0,0,0,0,0,0,1,0,0,0,0,0,0,1,0,0,1,0,0,0,419
0,0,0,0,0,0,1,0,0,0,0,0,1,0,0,1,1,0,0,0,736
0,0,0,0,0,0,0,0,0,1,0,0,0,0,0,1,1,1,0,0,18
0,0,0,0,0,1,0,0,0,0,0,0,0,0,0,1,0,0,0,1,781
0,0,0,1,0,0,0,0,0,0,0,0,1,0,0,0,0,0,1,0,2907
0,0,0,0,0,1,0,0,0,0,0,0,0,0,1,0,0,0,0,1,744
0,0,0,0,0,0,0,0,0,1,0,0,0,1,0,0,0,0,1,0,32
0,0,0,0,0,0,0,0,0,0,0,1,1,0,0,0,0,1,0,0,1494
0,0,0,0,0,1,0,0,0,0,0,0,1,0,0,0,0,1,0,0,518
0,0,0,0,0,0,1,0,0,0,0,0,1,0,0,0,0,1,0,0,447
0,0,1,0,0,0,0,0,0,1,0,0,0,0,0,1,0,0,1,0,472
0,0,0,0,0,0,0,0,0,0,1,0,0,0,0,1,0,0,0,1,135
1,0,0,0,0,0,0,0,0,0,0,0,1,0,0,0,0,0,0,1,245
0,0,0,0,0,0,0,1,0,0,0,0,1,0,0,0,1,0,0,0,1217
0,0,0,0,0,0,0,0,0,0,0,1,0,0,1,0,0,0,0,1,1921
0,0,0,0,0,0,1,0,0,0,0,0,0,0,1,0,0,0,1,0,529
0,0,0,1,0,0,0,0,0,0,0,0,0,0,1,0,0,1,0,0,1963
0,0,0,0,0,0,0,1,0,0,0,0,0,1,0,0,0,0,0,1,1186
0,0,0,0,0,0,0,0,0,0,1,1,1,0,0,0,0,0,0,1,2384
0,0,0,0,0,0,0,0,0,1,0,0,0,0,0,1,0,0,0,1,32
0,0,0,0,0,0,0,0,1,0,0,0,0,1,0,1,1,0,0,0,244
0,0,0,1,0,0,0,0,0,0,1,0,0,1,0,0,1,0,0,1,2168
0,0,1,0,0,0,0,0,0,0,0,0,0,0,1,0,1,0,0,0,348
0,0,0,0,1,0,0,0,0,0,0,0,0,1,0,0,0,0,1,0,2429
0,0,0,1,0,0,0,0,0,0,0,0,0,0,1,0,1,0,0,0,2141
0,0,0,0,0,0,0,1,0,0,0,0,0,0,1,0,1,1,0,0,917
0,0,0,0,0,1,0,0,0,0,0,0,1,0,0,0,1,0,0,0,647
0,0,0,0,0,0,0,0,1,0,0,0,0,0,0,1,0,0,0,1,216
0,0,0,0,0,1,0,1,0,0,0,0,0,0,1,0,0,0,0,1,1945
0,0,0,0,0,0,0,1,0,0,0,0,1,0,0,0,0,0,0,1,1435
0,0,0,0,0,1,0,0,0,0,0,0,1,0,0,1,0,0,0,1,871
0,0,0,0,0,0,0,0,1,0,0,0,0,0,1,1,1,0,0,0,240
1,0,0,0,0,0,0,0,0,0,0,0,0,0,0,1,1,1,1,0,106
0,0,0,0,0,0,0,0,0,1,0,0,1,1,0,0,1,0,0,1,36
0,1,0,0,0,0,0,0,0,0,0,0,0,0,1,0,0,0,1,0,209
0,0,0,0,0,0,0,0,0,1,0,0,0,1,0,0,0,1,1,0,18
0,0,0,1,0,0,0,0,0,0,0,0,0,1,0,1,1,0,0,1,3021
1,1,0,0,0,0,0,0,0,0,0,0,1,0,0,1,0,0,1,0,569
0,0,0,0,0,0,0,0,1,0,0,0,1,0,0,0,0,0,1,0,201
0,0,0,0,0,0,0,0,0,1,0,0,0,0,0,1,1,0,0,0,28
0,0,0,0,0,0,1,0,0,0,0,0,0,0,1,0,0,0,0,1,583
0,0,0,0,1,0,0,0,0,0,0,0,1,0,0,0,0,0,0,1,3328
0,0,0,0,0,0,0,0,0,1,0,0,1,1,0,0,1,0,0,1,37
0,0,0,1,0,1,0,0,0,0,0,0,0,0,1,0,0,1,0,0,3067
0,0,0,0,0,0,0,0,1,0,0,0,0,1,0,1,0,0,1,1,239
0,0,0,0,0,0,0,0,0,0,1,0,0,1,0,0,0,1,0,0,71
0,0,0,1,0,0,0,0,0,0,0,0,1,0,0,0,0,1,1,0,1940
0,0,0,0,0,0,0,0,0,0,1,0,0,1,0,0,0,0,1,0,90
0,0,0,0,1,0,0,0,0,0,0,0,0,0,0,1,0,0,1,1,3167
0,0,0,0,1,0,0,0,1,0,0,1,0,0,1,0,0,0,1,0,4743
0,1,0,0,0,0,0,0,0,0,0,0,0,0,0,1,0,1,0,1,157
0,0,0,0,1,0,0,0,0,0,0,0,0,0,0,1,0,1,0,1,2240
0,0,0,0,0,0,1,0,0,0,0,0,0,0,1,0,0,1,0,0,461
0,0,0,1,0,0,0,0,0,0,0,0,1,0,0,1,0,0,0,1,3951
0,0,0,0,1,0,0,0,0,0,0,0,0,1,0,0,0,1,0,0,2247
0,0,0,0,0,0,0,0,0,0,0,1,1,0,0,0,0,0,0,1,2119
0,0,0,0,0,0,0,0,0,0,0,1,0,0,0,1,0,0,0,1,2223
0,0,0,1,0,0,0,0,0,0,0,0,1,1,0,1,0,0,1,0,4903
0,0,0,0,0,0,0,0,1,0,0,0,0,0,1,0,0,0,1,0,199
0,0,0,0,1,0,1,0,0,0,0,1,1,0,0,0,1,0,0,0,4742
0,0,0,0,0,0,1,0,0,0,0,0,0,0,0,1,0,1,0,0,498
0,0,0,0,0,0,0,1,0,0,0,1,0,1,0,0,1,0,0,0,2459
0,0,0,0,0,0,0,0,0,0,0,1,1,0,0,0,0,1,0,0,1575
0,0,0,0,0,0,0,0,0,1,0,0,0,0,1,0,0,1,0,0,29
0,0,0,0,0,0,0,0,1,0,0,0,0,1,0,0,0,1,0,0,155
0,0,0,0,0,0,0,1,0,0,0,0,0,0,0,1,0,1,0,0,989
0,0,0,0,0,0,0,0,0,0,0,1,0,0,1,0,1,0,0,0,2066
0,1,0,0,0,0,0,0,0,0,0,0,0,1,0,0,0,1,0,0,143
0,1,0,0,0,0,0,0,0,0,0,0,0,1,0,0,1,0,0,0,203
0,0,0,0,0,0,1,0,0,0,0,0,0,0,0,1,0,0,0,1,633
0,0,1,0,0,0,0,0,0,0,0,0,1,0,0,0,0,0,0,1,461
0,0,0,0,0,0,0,0,1,1,0,0,0,0,1,0,1,0,0,0,201
0,0,0,0,0,0,0,0,1,0,0,0,1,0,1,0,1,0,0,0,260
0,0,0,0,0,0,1,0,0,0,0,0,0,1,0,1,0,0,1,0,720
0,0,0,0,0,0,0,0,0,1,1,0,0,0,1,0,0,1,0,0,115
0,1,0,0,0,0,0,0,0,0,0,0,0,0,0,1,0,0,1,0,209
0,0,0,0,0,0,0,1,0,0,0,0,1,0,0,0,0,0,1,0,1098
0,0,0,0,0,0,0,0,0,1,0,0,0,0,0,1,0,0,1,0,36
0,0,0,0,0,0,0,0,0,0,1,0,0,0,1,0,0,1,0,0,78
0,0,0,0,0,0,0,0,1,0,0,0,1,0,0,0,0,0,0,1,195
0,0,0,0,0,1,0,0,0,0,0,0,0,0,1,0,0,0,0,1,632
0,0,0,0,0,1,0,0,0,0,0,0,0,1,0,0,0,1,0,0,443
0,0,1,0,0,0,0,0,0,0,0,0,0,0,1,0,0,1,0,1,288
0,0,0,0,0,1,0,0,0,0,0,0,0,0,1,0,0,1,0,0,445
0,0,0,0,0,0,0,1,0,0,0,0,1,0,0,0,1,0,0,0,1294
0,0,0,0,0,0,0,0,0,1,0,0,0,0,0,1,0,0,1,0,37
1,0,0,0,0,0,0,0,0,0,0,0,0,1,0,0,0,0,1,0,160
1,0,0,0,0,0,0,0,0,0,0,0,1,0,0,0,1,0,0,0,204
0,1,0,0,0,0,0,0,0,0,0,0,0,0,1,0,1,0,0,1,183
0,0,0,1,0,0,0,0,0,0,0,0,0,0,1,0,1,0,0,0,2809
1,0,0,0,0,0,0,0,0,0,0,0,0,0,1,0,0,0,0,1,178
0,0,0,0,0,0,0,0,0,1,0,0,0,0,1,0,1,0,0,0,31
0,0,0,0,0,0,0,0,0,0,1,0,0,1,0,1,0,0,1,1,115
0,0,0,0,0,0,0,0,0,0,1,0,1,0,0,0,0,1,0,0,103
0,0,0,0,0,0,0,0,0,0,0,1,0,0,0,1,1,0,0,0,2206
0,0,0,0,0,0,0,0,0,1,0,0,1,0,0,1,0,0,0,1,55
0,0,0,0,0,0,0,1,0,0,0,0,0,0,1,0,0,1,0,0,875
0,0,0,0,0,0,0,0,0,1,0,0,0,1,0,0,0,1,0,0,25
0,0,0,0,0,0,0,0,0,1,0,0,0,0,1,0,0,0,1,0,31
0,0,0,0,1,1,0,1,0,0,0,0,0,1,0,0,0,0,0,1,4141
0,0,0,0,0,0,0,1,0,0,0,0,1,0,0,0,0,1,0,0,1047
0,0,0,0,0,0,0,1,0,0,0,0,0,0,1,1,0,1,0,0,1254
1,0,0,0,0,0,0,0,0,0,0,0,0,1,0,0,0,0,1,0,149
0,0,0,0,1,0,0,0,0,0,0,0,1,0,0,0,0,0,1,0,2924
1,0,0,0,0,0,0,0,0,0,0,0,0,1,0,0,0,0,1,0,178
0,0,0,0,0,0,0,0,0,0,0,1,0,0,0,1,1,0,0,0,2063
1,0,0,0,0,0,0,0,0,0,0,0,1,0,0,0,0,0,1,0,216
0,0,0,1,0,0,0,0,0,0,0,0,1,0,0,1,0,1,0,0,3233
0,0,0,0,0,0,0,0,0,0,1,0,0,0,0,1,1,0,0,0,101
0,0,0,0,0,0,0,0,0,0,1,0,0,0,0,1,0,0,1,0,120
0,0,0,0,0,0,0,1,0,0,0,0,1,0,0,0,0,0,0,1,1324
0,0,0,1,0,0,0,1,0,0,0,0,0,1,0,0,0,0,0,1,2485
0,0,0,1,0,0,0,0,0,0,0,0,0,1,0,0,1,1,0,1,1541
0,0,0,0,0,0,0,1,0,0,0,0,0,1,0,0,0,0,1,0,1150
0,0,0,0,0,0,1,0,0,0,0,0,0,0,0,1,0,0,0,1,617
0,0,0,0,0,0,0,0,1,0,0,0,1,1,0,1,1,0,0,0,350
0,0,0,0,0,1,0,0,1,0,0,0,0,1,0,0,1,0,0,0,732
0,0,1,0,0,0,0,0,0,0,0,0,0,0,1,0,0,1,0,0,271
0,0,0,1,0,0,0,0,0,0,0,0,0,0,1,0,0,1,0,0,1861
0,0,0,0,0,0,0,0,1,0,0,0,0,1,1,0,0,0,0,1,224
0,0,0,0,0,0,1,0,0,0,0,0,0,0,0,1,1,0,0,0,443
0,0,1,0,0,0,0,0,0,0,0,0,0,0,0,1,1,0,0,0,489
0,0,0,0,0,0,0,0,0,0,0,1,1,0,0,0,0,0,1,0,1902
0,0,0,0,0,0,1,0,0,0,0,0,0,0,0,1,1,0,0,0,512
1,0,0,0,0,0,0,0,0,0,0,1,0,0,1,0,0,0,1,0,2078
0,0,0,0,0,0,0,0,0,0,0,0,0,0,0,0,0,0,0,0,100
